,,,,,,,,,,,,,,,,,,,,,,,,,,,,,,,,,,,,,,,,,,,,,,,,,,,,,,,,,,,,,,,,,,,,,
,,,,,,,,,,,,,,,,,,,,,,,,,,,,,,,,,,,,,,,,,,,,,,,,,,,,,,,,,,,,,,,,,,,,,
Contractor:,,,,,,Customer:,,,,,,,,,,,,,,,,,,,,,,,,,,,,,,LOT 1: CONSTRUCTION OF 500KV JVARI - TSKALTUBO OVERHEAD LINE,,,,,,,,,,,,,,,,,,,,,,,,,Consultant:,,,,,,,,
,,,,,,,,,,,,,,,,,,,,,,,,,,,,,,,,,,,,STRUCTURE LIST,,,,,,,,,,,,,,,,,,,,,,,,,,,,,,,,,
,,,,,,,,,,,,,,,,,,,,,,,,,,,,,,,,,,,,,,,,,,,,,,,,,,,,,,,,,,,,,,,,,,,,,
,INSULATOR/ HARDWARE  SETS FOR CONDUCTOR,,,,,,,,,,,,,,,,,,,,,,,,,,,,,,,,,,,HARDWARE  SETS FOR OPGW & EARTHWIRE,,,,,,,,     NOTES   ,,,,,,,,,,,,,,,,,,,,,,,,,
,SS :,SINGLE  SUSPENSION SET,,,,,,,,95-S :,95-S :,95-S :,95-S :,95-S :,95-S :,95-S :,95-S :,95-S :,95-S :,95-S :,95-S :,95-S :,95-S :,95-S :,95-S :,95-S :,95-S :,95-S :,95-S :,95-S :,95-S :,95-S :,95-S :,95-S :,95-S :,95-S :,SUSPENSION SET FOR 95 mm2 EW/OPGW,,,,,,,1-,Basic  Earthing System were proposed for all Towers. The Final Earthing will determined after Soil Resistivity Tests,,,,,,,,,,,,,,,,,,,,,,,,
,DS :,DOUBLE  SUSPENSION SET,,,,,,,,95-T :,95-T :,95-T :,95-T :,95-T :,95-T :,95-T :,95-T :,95-T :,95-T :,95-T :,95-T :,95-T :,95-T :,95-T :,95-T :,95-T :,95-T :,95-T :,95-T :,95-T :,95-T :,95-T :,95-T :,95-T :,95-T :,95-T :,ANCHOR / TENSION SET FOR 95 mm2 EW/OPGW,,,,,,,2-,Foundation Types will be finalized after performing the Soil Investigation Test ,,,,,,,,,,,,,,,,,,,,,,,,
,ST :,SINGLE TENSION SET,,,,,,,,95-TSJ,95-TSJ,95-TSJ,95-TSJ,95-TSJ,95-TSJ,95-TSJ,95-TSJ,95-TSJ,95-TSJ,95-TSJ,95-TSJ,95-TSJ,95-TSJ,95-TSJ,95-TSJ,95-TSJ,95-TSJ,95-TSJ,95-TSJ,95-TSJ,95-TSJ,95-TSJ,95-TSJ,95-TSJ,95-TSJ,95-TSJ,SUSPENSION SET FOR 185 mm2 EW/OPGW,,,,,,,3-,The Distribution of  Dampers are determined as per  Damping Study for Conductor and EW,,,,,,,,,,,,,,,,,,,,,,,,
,2T :,DOUBLE TENSION SET,,,,,,,,185-S :,185-S :,185-S :,185-S :,185-S :,185-S :,185-S :,185-S :,185-S :,185-S :,185-S :,185-S :,185-S :,185-S :,185-S :,185-S :,185-S :,185-S :,185-S :,185-S :,185-S :,185-S :,185-S :,185-S :,185-S :,185-S :,185-S :,SUSPENSION SET FOR 185 mm2 EW/OPGW,,,,,,,4-,C.W : Counter Weight,,,,,,,,,,,,,,,,,,,,,,,,
,3T :,TRIPLE TENSION SET,,,,,,,,185-T :,185-T :,185-T :,185-T :,185-T :,185-T :,185-T :,185-T :,185-T :,185-T :,185-T :,185-T :,185-T :,185-T :,185-T :,185-T :,185-T :,185-T :,185-T :,185-T :,185-T :,185-T :,185-T :,185-T :,185-T :,185-T :,185-T :,ANCHOR / TENSION SET FOR 185 mm2 EW/OPGW,,,,,,,5-,"W.S : Warning Spheres (60 cm Diameter, Red)",,,,,,,,,,,,,,,,,,,,,,,,
,JS :,JUMPER SUSPENSION SET,,,,,,,,JB :,JB :,JB :,JB :,JB :,JB :,JB :,JB :,JB :,JB :,JB :,JB :,JB :,JB :,JB :,JB :,JB :,JB :,JB :,JB :,JB :,JB :,JB :,JB :,JB :,JB :,JB :,JOINT BOX FOR OPGW,,,,,,,,,,,,,,,,,,,,,,,,,,,,,,,,
,,,,,,,,,,,,,,,,FOUNDATION,,,,,,,,,,ERECTION,,,,STRINGING,,,,,,,,,,,,,,,,,,,,,,,,,,,,,,,,,,,,,,,
Sl.No.,Towers,,,,,,,,,,,ACCESS ROAD,,Soil Investigation,,Excavation,,Lean Concrete,,Stub Settings,,Concrete,,Backfilling,,Ground Erection,,Crane Erection,,Conductor ,,EW,,OPGW,,,,"ANGLE POINT
NO.","Line Angle
Degrees",Spans,,,,,,,CONDUCTOR,,,,,,,OPGW ,,,,EARTHWIRE,,,,,Warning Spheres,GROUNDING,,,,Towers,
,Construction No.,"Tower
Type","Jvari







Tskaltubo",,,,"X COORDINATE
(m)","Y COORDINATE
(m)","Z COORDINATE
(m)",STATUS,SITE ACCESS,Date of Completion,Status,Date of Completion,Status,Date of Completion,Status,Date of Completion,Status,Date of Completion,Status,Date of Completion,Status,Date of Completion,Status,Date of Completion,Status,Date of Completion,Status,Date of Completion,Status,Date of Completion,Status,Date of Completion,Status,"Cumulative Length
 (m)",FOUNDATION TYPE,,,"Actual span 
(m)","Wind span 
(m)",Weight span  (m)             (at  Max Temperature),Weight to Wind Span Ratio,Line Section,"RULLING SPAN 
( m)","SECTION LENGTH
( m)","Conductor
","Insulator
Strings",Jumper String,Rigid Spacer per Jumper,Spacer damper per phase,Stock bridge damper per span per conductor (UT3),,OPGW Sets,Stock bridge damper per span per OPGW (UT2),,OPGW Joint Boxes,Earthwire Sets,Stock bridge damper per span per EW,,NOS of UT1 TYPE STOCKBRIDGE DAMPER,NOS of UT2 TYPE STOCKBRIDGE DAMPER,,Type,Initial Resistance (ohm) ,Final Resistance (ohm) ,Crossing,Remarks,Construction No.
,,,1,2,3,4,,,,,,,,,,,,,,,,,,,,,,,,,,,,,,,,,,,,,,,,,,,,,,Back Span,Ahead Span,,Back Span,Ahead Span,,,Back Span,Ahead Span,,,,,,,,,
1,G1,GANTRY,N.A,N.A,N.A,N.A,301752.3,4683922.9,138.9,,,,,,,,,,,,,,,,,,,,,,,,,,,0.0,,AP0 / SS, ,,43,53,1.23,,,,,2T,, ,,,1,95-TSJ,,1,JB,95-TSJ,,1,1,0,,,,,,,G1
,,,,,,,,,,,,,,,,,,,,,,,,,,,,,,,,,,,,,,,,85,,,,1.0,85.0,85.0,400/51,,,,3,,,,,,,,,,,,,,,,,,
2,1,B90-3,,,,,301669.3,4683941.3,137.9,Active,,12/12/24,Completed,12/12/25,Completed,,Not Yet,,Not Yet,,Not Yet,,Not Yet,,Not Yet,,Not Yet,,Not Yet,,Not Yet,,Not Yet,,Not Yet,85.0,5.1,AP1,-13.00,,183,224,1.22,,,,,2T-2T,4,2,,1,1,95-T,1,1, ,95-T,1,1,2,0,,Step-1,,,,,1
,,,,,,,,,,,,,,,,,,,,,,,,,,,,,,,,,,,,,,,,280.29,,,,2.0,280.3,280.3,400/51,,,,6,,,,,,,,,,,,,,,,TRACK ,,
3,2,B30-3,,,,,301389.0,4683939.0,134.2,Active,,12/12/24,Completed,12/12/25,Completed,,Not Yet,,Not Yet,,Not Yet,,Not Yet,,Not Yet,,Not Yet,,Not Yet,,Not Yet,,Not Yet,,Not Yet,365.3,3,AP2,-23.62,,280,250,0.89,,,,,2T-2T,2,3,,1,1,95-T,1,1, ,95-T,1,1,2,0,,Step-1,,,,,2
,,,,,,,,,,,,,,,,,,,,,,,,,,,,,,,,,,,,,,,,279.71,,,,3.0,291.5,581.7,400/51,,,,5,,,,,,,,,,,,,,,,,,
4,3,BNS+6,,,,,301133.7,4683824.8,129.4,Active,,12/12/24,Completed,12/12/25,Completed,,Not Yet,,Not Yet,,Not Yet,,Not Yet,,Not Yet,,Not Yet,,Not Yet,,Not Yet,,Not Yet,,Not Yet,645.0,3,, ,,291,353,1.21,,,,,SS,, ,,1,1,95-S,1,1, ,95-S,1,1,2,0,,Step-1,,,,,3
,,,,,,,,,,,,,,,,,,,,,,,,,,,,,,,,,,,,,,,,302.01,,,,,,,400/51,,,,6,,,,,,,,,,,,,,,,TRACK,,
5,4,B60-3,,,,,300858.0,4683701.5,126.3,Active,,12/12/24,Completed,12/12/25,Completed,,Not Yet,,Not Yet,,Not Yet,,Not Yet,,Not Yet,,Not Yet,,Not Yet,,Not Yet,,Not Yet,,Not Yet,947.0,4.1,AP3,50.56,,302,234,0.77,,,,,2T-2T,1,3,,1,1,95-T,1,1, ,95-T,1,1,2,0,,Step-1,,,,,4
,,,,,,,,,,,,,,,,,,,,,,,,,,,,,,,,,,,,,,,,302.56,,,,4.0,322.4,641.8,400/51,,,,6,,,,,,,,,,,,,,,,ROAD,,
6,5,BNS+3,,,,,300587.2,4683836.3,127.4,,,12/12/24,Completed,12/12/25,Completed,,Not Yet,,Not Yet,,Not Yet,,Not Yet,,Not Yet,,Not Yet,,Not Yet,,Not Yet,,Not Yet,,Not Yet,1249.6,4.1,, ,,321,361,1.12,,,,,DS,, ,,1,1,95-S,1,1, ,95-S,1,1,2,0,,Step-1,,,,,5
,,,,,,,,,,,,,,,,,,,,,,,,,,,,,,,,,,,,,,,,339.2,,,,,,,400/51,,,,7,,,,,,,,,,,,,,,,,,
7,6,B60+3,,,,,300283.5,4683987.5,123.8,,,12/12/24,Completed,12/12/25,Completed,,Not Yet,,Not Yet,,Not Yet,,Not Yet,,Not Yet,,Not Yet,,Not Yet,,Not Yet,,Not Yet,,Not Yet,1588.8,5.1,AP4,-51.93,,274,249,0.91,,,,,2T-2T,2,3,,1,1,95-T,1,1, ,95-T,1,1,2,0,,Step-1,,,,,6
,,,,,,,,,,,,,,,,,,,,,,,,,,,,,,,,,,,,,,,,209.33,,,,5.0,209.3,209.3,400/51,,,,4,,,,,,,,,,,,,,,,"ROAD, RAILWAY, MV OHDL",,
8,7,B90+9,,,,,300094.5,4683897.5,120.9,,,12/12/24,Completed,12/12/25,Completed,,Not Yet,,Not Yet,,Not Yet,,Not Yet,,Not Yet,,Not Yet,,Not Yet,,Not Yet,,Not Yet,,Not Yet,1798.1,3,AP5,67.63,,308,343,1.11,,,,,2T-2T,2,2,,1,1,95-T,1,1,JB,95-T,1,1,2,0,,Step-1,,,,,7
,,,,,,,,,,,,,,,,,,,,,,,,,,,,,,,,,,,,,,,,407.44,,,,6.0,407.4,407.4,400/51,,,,8,,,,,,,,,,,,,,,,"ROAD, MV OHDL",,
9,8,B30+3,,,,,299792.5,4684171.0,119.6,,,12/12/24,Completed,12/12/25,Completed,15/12/2025,Completed,,Not Yet,,Not Yet,,Not Yet,,Not Yet,,Not Yet,,Not Yet,,Not Yet,,Not Yet,,Not Yet,2205.5,5.1,AP6,-17.72,,398,378,0.95,,,,,2T-2T,2,3,,1,1,95-T,1,1, ,95-T,1,1,2,0,,Step-1,,,,,8
,,,,,,,,,,,,,,,,,,,,,,,,,,,,,,,,,,,,,,,,389.46,,,,7.0,375.6,749.5,400/51,,,,8,,,,,,,,,,,,,,,,,,
10,9,BNS+6,,,,,299437.9,4684332.2,117.0,,,12/12/24,Completed,12/12/25,Completed,15/12/2025,Completed,,Not Yet,,Not Yet,,Not Yet,,Not Yet,,Not Yet,,Not Yet,,Not Yet,,Not Yet,,Not Yet,2595.0,3,, ,,375,414,1.10,,,,,SS,, ,,1,1,95-S,1,1, ,95-S,1,1,2,0,,Step-1,,,,,9
,,,,,,,,,,,,,,,,,,,,,,,,,,,,,,,,,,,,,,,,360,,,,,,,400/51,,,,7,,,,,,,,,,,,,,,,,,
11,10,B30-3,,,,,299110.2,4684481.1,115.2,,,12/12/24,Completed,12/12/25,Completed,,Not Yet,,Not Yet,,Not Yet,,Not Yet,,Not Yet,,Not Yet,,Not Yet,,Not Yet,,Not Yet,,Not Yet,2955.0,3,, ,,358,317,0.89,,,,,2T-2T,3,3,,1,1,95-T,1,1, ,95-T,1,1,2,0,,Step-1,,,,,10
,,,,,,,,,,,,,,,,,,,,,,,,,,,,,,,,,,,,,,,,355,,,,8.0,355.0,355.0,400/51,,,,7,,,,,,,,,,,,,,,,,,
12,11,B30+0,,,,,298787.0,4684628.0,114.5,,NO PERMISSION / LAND OWNER,12/12/24,Completed,12/12/25,Completed,,Not Yet,,Not Yet,,Not Yet,,Not Yet,,Not Yet,,Not Yet,,Not Yet,,Not Yet,,Not Yet,,Not Yet,3310.0,4.1,, ,,345,350,1.01,,,,,2T-2T,3,3,,1,1,95-T,1,1, ,95-T,1,1,2,0,,Step-1,,,,,11
,,,,,,,,,,,,,,,,,,,,,,,,,,,,,,,,,,,,,,,,335,,,,9.0,337.5,675.0,400/51,,,,7,,,,,,,,,,,,,,,,"ROAD, MV OHDL",,
13,12,BNS+3,,,,,298482.1,4684766.6,112.1,Active,,12/12/24,Completed,12/12/25,Completed,,Not Yet,,Not Yet,,Not Yet,,Not Yet,,Not Yet,,Not Yet,,Not Yet,,Not Yet,,Not Yet,,Not Yet,3645.0,4.1,, ,,338,374,1.11,,,,,DS,, ,,1,1,95-S,1,1, ,95-S,1,1,2,0,,Step-1,,,,,12
,,,,,,,,,,,,,,,,,,,,,,,,,,,,,,,,,,,,,,,,340,,,,,,,400/51,,,,7,,,,,,,,,,,,,,,,,,
14,13,B30-3,,,,,298172.5,4684907.3,108.7,Active,,12/12/24,Completed,12/12/25,Completed,,Not Yet,,Not Yet,,Not Yet,,Not Yet,,Not Yet,,Not Yet,,Not Yet,,Not Yet,,Not Yet,,Not Yet,3985.0,5.1,, ,,345,286,0.83,,,,,2T-2T,3,3,,1,1,95-T,1,1, ,95-T,1,1,2,0,,Step-1,,,,,13
,,,,,,,,,,,,,,,,,,,,,,,,,,,,,,,,,,,,,,,,350,,,,10.0,344.3,1032.8,400/51,,,,7,,,,,,,,,,,,,,,,,,
15,14,BNS+6,,,,,297853.9,4685052.1,108.6,Active,,12/12/24,Completed,12/12/25,Completed,,Not Yet,,Not Yet,,Not Yet,,Not Yet,,Not Yet,,Not Yet,,Not Yet,,Not Yet,,Not Yet,,Not Yet,4335.0,3,, ,,345,383,1.11,,,,,SS,, ,,1,1,95-S,1,1, ,95-S,1,1,2,0,,Step-1,,,,,14
,,,,,,,,,,,,,,,,,,,,,,,,,,,,,,,,,,,,,,,,340,,,,,,,400/51,,,,7,,,,,,,,,,,,,,,,,,
16,15,BNS+6,,,,,297544.4,4685192.8,106.4,Active,,12/12/24,Completed,12/12/25,Completed,,Not Yet,,Not Yet,,Not Yet,,Not Yet,,Not Yet,,Not Yet,,Not Yet,,Not Yet,,Not Yet,,Not Yet,4675.0,5.1,, ,,342,376,1.10,,,,,SS,, ,,1,1,95-S,1,1, ,95-S,1,1,2,0,,Step-1,,,,,15
,,,,,,,,,,,,,,,,,,,,,,,,,,,,,,,,,,,,,,,,342.79,,,,,,,400/51,,,,7,,,,,,,,,,,,,,,,,,
17,16,B60-3,,,,,297232.3,4685334.7,103.2,,,,Not Yet,12/12/25,Completed,,Not Yet,,Not Yet,,Not Yet,,Not Yet,,Not Yet,,Not Yet,,Not Yet,,Not Yet,,Not Yet,,Not Yet,5017.8,3,AP7,54.31,,365,296,0.81,,,,,2T-2T,1,3,,1,1,95-T,1,1, ,95-T,1,1,2,0,,Step-1,,,,,16
,,,,,,,,,,,,,,,,,,,,,,,,,,,,,,,,,,,,,,,,387.21,,,,11.0,367.8,1091.3,400/51,,,,8,,,,,,,,,,,,,,,,,,
18,17,BNS+9,,,,,297156.8,4685714.4,101.7,,,,Not Yet,12/12/25,Completed,,Not Yet,,Not Yet,,Not Yet,,Not Yet,,Not Yet,,Not Yet,,Not Yet,,Not Yet,,Not Yet,,Not Yet,5405.0,3,, ,,386,439,1.14,,,,,SS,, ,,1,1,95-S,1,1, ,95-S,1,1,2,0,,Step-1,,,,CW: 100 kg,17
,,,,,,,,,,,,,,,,,,,,,,,,,,,,,,,,,,,,,,,,385,,,,,,,400/51,,,,7,,,,,,,,,,,,,,,,STREAM,,
19,18,BNS+9,,,,,297081.7,4686092.0,102.4,,,,Not Yet,12/12/25,Completed,,Not Yet,,Not Yet,,Not Yet,,Not Yet,,Not Yet,,Not Yet,,Not Yet,,Not Yet,,Not Yet,,Not Yet,5790.0,4.1,, ,,352,396,1.13,,,,,DS,, ,,1,1,95-S,1,1, ,95-S,1,1,2,0,,Step-1,,,,,18
,,,,,,,,,,,,,,,,,,,,,,,,,,,,,,,,,,,,,,,,319.09,,,,,,,400/51,,,,6,,,,,,,,,,,,,,,,ROAD,,
20,19,B30-3,,,,,297019.4,4686405.0,103.0,,,,Not Yet,12/12/25,Completed,,Not Yet,,Not Yet,,Not Yet,,Not Yet,,Not Yet,,Not Yet,,Not Yet,,Not Yet,,Not Yet,,Not Yet,6109.1,4.1,AP8,-17.61,,325,262,0.81,,,,,2T-2T,2,3,,1,1,95-T,1,1,JB,95-T,1,1,2,0,,Step-1,,,,,19
,,,,,,,,,,,,,,,,,,,,,,,,,,,,,,,,,,,,,,,,330.91,,,,12.0,349.2,696.0,400/51,,,,7,,,,,,,,,,,,,,,,,,
21,20,BNS+3,,,,,296859.7,4686694.8,104.1,,,,Not Yet,12/12/25,Completed,,Not Yet,,Not Yet,,Not Yet,,Not Yet,,Not Yet,,Not Yet,,Not Yet,,Not Yet,,Not Yet,,Not Yet,6440.0,5.1,, ,,348,385,1.11,,,,,DS,, ,,1,1,95-S,1,1, ,95-S,1,1,2,0,,Step-1,,,,,20
,,,,,,,,,,,,,,,,,,,,,,,,,,,,,,,,,,,,,,,,365.05,,,,,,,400/51,,,,7,,,,,,,,,,,,,,,,MV OHDL,,
22,21,B30-3,,,,,296683.5,4687014.5,106.9,,,,Not Yet,12/12/25,Completed,,Not Yet,,Not Yet,,Not Yet,,Not Yet,,Not Yet,,Not Yet,,Not Yet,,Not Yet,,Not Yet,,Not Yet,6805.1,3,AP9,13.42,,388,331,0.85,,,,,2T-2T,1,3,,1,1,95-T,1,1, ,95-T,1,1,2,0,,Step-1,,,,,21
,,,,,,,,,,,,,,,,,,,,,,,,,,,,,,,,,,,,,,,,409.95,,,,13.0,420.3,840.0,400/51,,,,8,,,,,,,,,,,,,,,,,,
23,22,BNS+12,,,,,296574.3,4687409.7,108.5,,,,Not Yet,12/12/25,Completed,,Not Yet,,Not Yet,,Not Yet,,Not Yet,,Not Yet,,Not Yet,,Not Yet,,Not Yet,,Not Yet,,Not Yet,7215.0,5.1,, ,,420,474,1.13,,,,,SS,, ,,1,1,95-S,1,1, ,95-S,1,1,2,0,,Step-1,,,,,22
,,,,,,,,,,,,,,,,,,,,,,,,,,,,,,,,,,,,,,,,430,,,,,,,400/51,,,,8,,,,,,,,,,,,,,,,,,
24,23,B30-3,,,,,296459.8,4687824.1,122.4,,,,Not Yet,12/12/25,Completed,,Not Yet,,Not Yet,,Not Yet,,Not Yet,,Not Yet,,Not Yet,,Not Yet,,Not Yet,,Not Yet,,Not Yet,7645.0,3,, ,,428,362,0.85,,,,,2T-2T,3,3,,1,1,95-T,1,1, ,95-T,1,1,2,0,,Step-1,,,,,23
,,,,,,,,,,,,,,,,,,,,,,,,,,,,,,,,,,,,,,,,425,,,,14.0,402.4,1197.3,400/51,,,,8,,,,,,,,,,,,,,,,,,
25,24,BNS+6,,,,,296346.7,4688233.8,136.7,,,,Not Yet,12/12/25,Completed,,Not Yet,,Not Yet,,Not Yet,,Not Yet,,Not Yet,,Not Yet,,Not Yet,,Not Yet,,Not Yet,,Not Yet,8070.0,3,, ,,420,476,1.13,,,,,SS,, ,,1,1,95-S,1,1, ,95-S,1,1,2,0,,Step-1,,,,,24
,,,,,,,,,,,,,,,,,,,,,,,,,,,,,,,,,,,,,,,,415,,,,,,,400/51,,,,8,,,,,,,,,,,,,,,,TRACK,,
26,25,BNS+3,,,,,296236.2,4688633.8,143.4,,,,Not Yet,12/12/25,Completed,,Not Yet,,Not Yet,,Not Yet,,Not Yet,,Not Yet,,Not Yet,,Not Yet,,Not Yet,,Not Yet,,Not Yet,8485.0,4.1,, ,,386,456,1.18,,,,,SS,, ,,1,1,95-S,1,1, ,95-S,1,1,2,0,,Step-1,,,,,25
,,,,,,,,,,,,,,,,,,,,,,,,,,,,,,,,,,,,,,,,357.29,,,,,,,400/51,,,,7,,,,,,,,,,,,,,,,,,
27,26,B30+3,,,,,296141.0,4688978.2,125.9,,,,Not Yet,12/12/25,Completed,,Not Yet,,Not Yet,,Not Yet,,Not Yet,,Not Yet,,Not Yet,,Not Yet,,Not Yet,,Not Yet,,Not Yet,8842.3,4.1,AP10,-13.63,,360,247,0.69,,,,,2T-2T,2,3,,1,1,95-T,1,1, ,95-T,1,1,2,0,,Step-1,,,,,26
,,,,,,,,,,,,,,,,,,,,,,,,,,,,,,,,,,,,,,,,362.71,,,,16.0,353.6,1407.3,400/51,,,,7,,,,,,,,,,,,,,,,,,
28,27,BNS+3,,,,,295964.8,4689295.2,144.9,,,,Not Yet,12/12/25,Completed,,Not Yet,,Not Yet,,Not Yet,,Not Yet,,Not Yet,,Not Yet,,Not Yet,,Not Yet,,Not Yet,,Not Yet,9205.0,5.1,, ,,349,376,1.08,,,,,SS,, ,,1,1,95-S,1,1, ,95-S,1,1,2,0,,Step-1,,,,,27
,,,,,,,,,,,,,,,,,,,,,,,,,,,,,,,,,,,,,,,,335,,,,,,,400/51,,,,7,,,,,,,,,,,,,,,,,,
29,28,BNS+6,,,,,295802.0,4689588.0,152.0,,,,Not Yet,12/12/25,Completed,,Not Yet,,Not Yet,,Not Yet,,Not Yet,,Not Yet,,Not Yet,,Not Yet,,Not Yet,,Not Yet,,Not Yet,9540.0,3,, ,,333,382,1.15,,,,,SS,, ,,1,1,95-S,1,1, ,95-S,1,1,2,0,,Step-1,,,,,28
,,,,,,,,,,,,,,,,,,,,,,,,,,,,,,,,,,,,,,,,330,,,,,,,400/51,,,,7,,,,,,,,,,,,,,,,,,
30,29,BNS-3,,,,,295641.7,4689876.5,156.4,,,,Not Yet,12/12/25,Completed,,Not Yet,,Not Yet,,Not Yet,,Not Yet,,Not Yet,,Not Yet,,Not Yet,,Not Yet,,Not Yet,,Not Yet,9870.0,5.1,, ,,356,450,1.26,,,,,SS,, ,,1,1,95-S,1,1, ,95-S,1,1,2,0,,Step-1,,,,,29
,,,,,,,,,,,,,,,,,,,,,,,,,,,,,,,,,,,,,,,,379.63,,,,,,,400/51,,,,7,,,,,,,,,,,,,,,,,,
31,30,B60-3,,,,,295457.3,4690208.3,119.1,,,,Not Yet,12/12/25,Completed,,Not Yet,,Not Yet,,Not Yet,,Not Yet,,Not Yet,,Not Yet,,Not Yet,,Not Yet,,Not Yet,,Not Yet,10249.6,3,AP11,-42.84,,376,223,0.59,,,,,2T-2T,2,3,,1,1,95-T,1,1,JB,95-T,1,1,2,0,,Step-1,,,,,30
,,,,,,,,,,,,,,,,,,,,,,,,,,,,,,,,,,,,,,,,370.37,,,,16.0,336.8,1001.0,400/51,,,,7,,,,,,,,,,,,,,,,"TRACK, STREAM, MV OHDL",,
32,31,BNS+9,,,,,295105.2,4690323.3,122.9,,,,Not Yet,12/12/25,Completed,,Not Yet,,Not Yet,,Not Yet,,Not Yet,,Not Yet,,Not Yet,,Not Yet,,Not Yet,,Not Yet,,Not Yet,10620.0,3,, ,,340,382,1.12,,,,,DS,, ,,1,1,95-S,1,1, ,95-S,1,1,2,0,,Step-1,,,,,31
,,,,,,,,,,,,,,,,,,,,,,,,,,,,,,,,,,,,,,,,310,,,,,,,400/51,,,,6,,,,,,,,,,,,,,,,ROAD,,
33,32,BNS+6,,,,,294810.5,4690419.5,127.8,,,,Not Yet,12/12/25,Completed,,Not Yet,,Not Yet,,Not Yet,,Not Yet,,Not Yet,,Not Yet,,Not Yet,,Not Yet,,Not Yet,,Not Yet,10930.0,4.1,, ,,315,346,1.10,,,,,DS,, ,,1,1,95-S,1,1, ,95-S,1,1,2,0,,Step-1,,,,,32
,,,,,,,,,,,,,,,,,,,,,,,,,,,,,,,,,,,,,,,,320.67,,,,,,,400/51,,,,6,,,,,,,,,,,,,,,,,,
34,33,B30-3,,,,,294505.7,4690519.1,130.6,,,,Not Yet,12/12/25,Completed,,Not Yet,,Not Yet,,Not Yet,,Not Yet,,Not Yet,,Not Yet,,Not Yet,,Not Yet,,Not Yet,,Not Yet,11250.7,4.1,AP12,27.83,,378,274,0.72,,,,,2T-2T,1,3,,1,1,95-T,1,1, ,95-T,1,1,2,0,,Step-1,,,,,33
,,,,,,,,,,,,,,,,,,,,,,,,,,,,,,,,,,,,,,,,434.33,,,,17.0,435.8,871.5,400/51,,,,8,,,,,,,,,,,,,,,,,,
35,34,BNS+12,,,,,294203.6,4690831.2,148.0,,,,Not Yet,12/12/25,Completed,,Not Yet,,Not Yet,,Not Yet,,Not Yet,,Not Yet,,Not Yet,,Not Yet,,Not Yet,,Not Yet,,Not Yet,11685.0,5.1,, ,,437,493,1.13,,,,,DS,, ,,1,1,95-S,1,1, ,95-S,1,1,2,0,,Step-1,,,,CW: 200 kg,34
,,,,,,,,,,,,,,,,,,,,,,,,,,,,,,,,,,,,,,,,437.17,,,,,,,400/51,,,,9,,,,,,,,,,,,,,,,"ROAD, MV OHDL",,
36,35,B30-3,,,,,293899.5,4691145.2,192.3,,,,Not Yet,12/12/25,Completed,,Not Yet,,Not Yet,,Not Yet,,Not Yet,,Not Yet,,Not Yet,,Not Yet,,Not Yet,,Not Yet,,Not Yet,12122.2,3,AP13,3.77,,458,601,1.31,,,,,2T-2T,3,3,,1,1,95-T,1,1, ,95-T,1,1,2,0,,Step-1,,,,,35
,,,,,,,,,,,,,,,,,,,,,,,,,,,,,,,,,,,,,,,,477.83,,,,18.0,477.8,477.8,400/51,,,,9,,,,,,,,,,,,,,,,,,
37,36,B30+0,,,,,293590.4,4691509.6,161.9,,,,Not Yet,12/12/25,Completed,,Not Yet,,Not Yet,,Not Yet,,Not Yet,,Not Yet,,Not Yet,,Not Yet,,Not Yet,,Not Yet,,Not Yet,12600.0,5.1,, ,,460,299,0.65,,,,,2T-2T,3,3,,1,1,95-T,1,1, ,95-T,1,1,2,0,,Step-1,,,,,36
,,,,,,,,,,,,,,,,,,,,,,,,,,,,,,,,,,,,,,,,440,,,,19.0,394.1,1530.0,400/51,,,,9,,,,,,,,,,,,,,,,,,
38,37,BNS+3,,,,,293305.8,4691845.1,197.3,,,,Not Yet,12/12/25,Completed,,Not Yet,,Not Yet,,Not Yet,,Not Yet,,Not Yet,,Not Yet,,Not Yet,,Not Yet,,Not Yet,,Not Yet,13040.0,3,, ,,433,495,1.14,,,,,SS,, ,,1,1,95-S,1,1, ,95-S,1,1,2,0,,Step-1,,,,,37
,,,,,,,,,,,,,,,,,,,,,,,,,,,,,,,,,,,,,,,,425,,,,,,,400/51,,,,8,,,,,,,,,,,,,,,,,,
39,38,BNS+6,,,,,293030.8,4692169.2,209.2,,,,Not Yet,12/12/25,Completed,,Not Yet,,Not Yet,,Not Yet,,Not Yet,,Not Yet,,Not Yet,,Not Yet,,Not Yet,,Not Yet,,Not Yet,13465.0,3,, ,,363,418,1.15,,,,,DS,, ,,1,1,95-S,1,1, ,95-S,1,1,2,0,,Step-1,,,,,38
,,,,,,,,,,,,,,,,,,,,,,,,,,,,,,,,,,,,,,,,300,,,,,,,400/51,,,,6,,,,,,,,,,,,,,,,"ROAD, MV OHDL",,
40,39,BNS+3,,,,,292836.8,4692398.0,208.1,,,,Not Yet,12/12/25,Completed,,Not Yet,,Not Yet,,Not Yet,,Not Yet,,Not Yet,,Not Yet,,Not Yet,,Not Yet,,Not Yet,,Not Yet,13765.0,4.1,, ,,333,375,1.13,,,,,DS,, ,,1,1,95-S,1,1, ,95-S,1,1,2,0,,Step-1,,,,,39
,,,,,,,,,,,,,,,,,,,,,,,,,,,,,,,,,,,,,,,,365,,,,,,,400/51,,,,7,,,,,,,,,,,,,,,,TRACK,,
41,40,B30-3,,,,,292600.6,4692676.4,196.0,,,,Not Yet,12/12/25,Completed,,Not Yet,,Not Yet,,Not Yet,,Not Yet,,Not Yet,,Not Yet,,Not Yet,,Not Yet,,Not Yet,,Not Yet,14130.0,4.1,, ,,323,216,0.67,,,,,2T-2T,3,3,,1,1,95-T,1,1, ,95-T,1,1,2,0,,Step-1,,,,,40
,,,,,,,,,,,,,,,,,,,,,,,,,,,,,,,,,,,,,,,,280,,,,20.0,363.9,1050.4,400/51,,,,5,,,,,,,,,,,,,,,,,,
42,41,BNS+3,,,,,292419.5,4692889.9,203.0,,,,Not Yet,12/12/25,Completed,,Not Yet,,Not Yet,,Not Yet,,Not Yet,,Not Yet,,Not Yet,,Not Yet,,Not Yet,,Not Yet,,Not Yet,14410.0,5.1,, ,,350,406,1.16,,,,,SS,, ,,1,1,95-S,1,1, ,95-S,1,1,2,0,,Step-1,,,,,41
,,,,,,,,,,,,,,,,,,,,,,,,,,,,,,,,,,,,,,,,420,,,,,,,400/51,,,,8,,,,,,,,,,,,,,,,TRACK,,
43,42,BNS-3,,,,,292147.8,4693210.2,208.5,,,,Not Yet,12/12/25,Completed,,Not Yet,,Not Yet,,Not Yet,,Not Yet,,Not Yet,,Not Yet,,Not Yet,,Not Yet,,Not Yet,,Not Yet,14830.0,3,, ,,386,489,1.27,,,,,DS,, ,,1,1,95-S,1,1, ,95-S,1,1,2,0,,Step-1,,,,,42
,,,,,,,,,,,,,,,,,,,,,,,,,,,,,,,,,,,,,,,,350.42,,,,,,,400/51,,,,7,,,,,,,,,,,,,,,,MV OHDL,,
44,43,B30+0,,,,,291921.1,4693477.4,173.2,,,,Not Yet,12/12/25,Completed,,Not Yet,,Not Yet,,Not Yet,,Not Yet,,Not Yet,,Not Yet,,Not Yet,,Not Yet,,Not Yet,,Not Yet,15180.4,5.1,AP14,24.88,,339,159,0.47,,,,,2T-2T,1,3,,1,1,95-T,1,1,JB,95-T,1,1,2,0,,Step-1,,,,,43
,,,,,,,,,,,,,,,,,,,,,,,,,,,,,,,,,,,,,,,,324.58,,,,21.0,355.5,704.6,400/51,,,,6,,,,,,,,,,,,,,,,TRACK ,,
45,44,BNS-3,,,,,291834.8,4693790.3,199.0,,,,Not Yet,,Not Yet,,Not Yet,,Not Yet,,Not Yet,,Not Yet,,Not Yet,,Not Yet,,Not Yet,,Not Yet,,Not Yet,,Not Yet,15505.0,3,, ,,353,457,1.29,,,,,DS,, ,,1,1,95-S,1,1, ,95-S,1,1,2,0,,Step-1,,,,,44
,,,,,,,,,,,,,,,,,,,,,,,,,,,,,,,,,,,,,,,,380,,,,,,,400/51,,,,7,,,,,,,,,,,,,,,,MV OHDL,,
46,45,B30-3,,,,,291733.7,4694156.6,191.0,,,,Not Yet,,Not Yet,,Not Yet,,Not Yet,,Not Yet,,Not Yet,,Not Yet,,Not Yet,,Not Yet,,Not Yet,,Not Yet,,Not Yet,15885.0,3,, ,,329,167,0.51,,,,,2T-2T,3,3,,1,1,95-T,1,1, ,95-T,1,1,2,0,,Step-1,,,,,45
,,,,,,,,,,,,,,,,,,,,,,,,,,,,,,,,,,,,,,,,275,,,,22.0,270.1,540.0,400/51,,,,5,,,,,,,,,,,,,,,,TRACK,,
47,46,BNS+3,,,,,291660.5,4694421.7,222.4,,,,Not Yet,,Not Yet,,Not Yet,,Not Yet,,Not Yet,,Not Yet,,Not Yet,,Not Yet,,Not Yet,,Not Yet,,Not Yet,,Not Yet,16160.0,4.1,, ,,272,339,1.25,,,,,SS,, ,,1,1,95-S,1,1, ,95-S,1,1,2,0,,Step-1,,,,,46
,,,,,,,,,,,,,,,,,,,,,,,,,,,,,,,,,,,,,,,,265,,,,,,,400/51,,,,5,,,,,,,,,,,,,,,,,,
48,47,BLC+12,,,,,291590.0,4694677.1,232.7,,,,Not Yet,,Not Yet,,Not Yet,,Not Yet,,Not Yet,,Not Yet,,Not Yet,,Not Yet,,Not Yet,,Not Yet,,Not Yet,,Not Yet,16425.0,4.1,, ,,305,569,1.87,,,,,2T-2T,3,3,,1,1,95-T,1,1, ,95-T,1,1,2,0,,Step-1,,,,,47
,,,,,,,,,,,,,,,,,,,,,,,,,,,,,,,,,,,,,,,,338.09,,,,23.0,338.1,338.1,400/51,,,,7,,,,,,,,,,,,,,,,,,
49,48,B90C,,,,,291500.0,4695003.0,196.3,,,,Not Yet,,Not Yet,,Not Yet,,Not Yet,,Not Yet,,Not Yet,,Not Yet,,Not Yet,,Not Yet,,Not Yet,,Not Yet,,Not Yet,16763.1,5.1,AP15,16.06,,263,69,0.26,,,,,2T-2T,2,2,,1,1,95-T,1,1, ,95-T,1,1,2,0,,Step-1,,,,,48
,,,,,,,,,,,,,,,,,,,,,,,,,,,,,,,,,,,,,,,,183.51,,,,24.0,183.5,183.5,400/51,,,,4,,,,,,,,,,,,,,,,"UNDER CROSSING 
500 KV OHTL",,
50,49,B90C,,,,,291502.0,4695186.5,197.6,,,,Not Yet,,Not Yet,,Not Yet,,Not Yet,,Not Yet,,Not Yet,,Not Yet,,Not Yet,,Not Yet,,Not Yet,,Not Yet,,Not Yet,16946.6,3,AP16,-43.87,,236,43,0.18,,,,,2T-2T,4,2,,1,1,95-T,1,1, ,95-T,1,1,2,0,,Step-1,,,,,49
,,,,,,,,,,,,,,,,,,,,,,,,,,,,,,,,,,,,,,,,283.4,,,,25.0,297.6,593.4,400/51,,,,6,,,,,,,,,,,,,,,,,,
51,50,BNS-3,,,,,291307.8,4695392.9,244.7,,,,Not Yet,,Not Yet,,Not Yet,,Not Yet,,Not Yet,,Not Yet,,Not Yet,,Not Yet,,Not Yet,,Not Yet,,Not Yet,,Not Yet,17230.0,5.1,, ,,300,461,1.54,,,,,SS,, ,,1,1,95-S,1,1, ,95-S,1,1,2,0,,Step-1,,,,,50
,,,,,,,,,,,,,,,,,,,,,,,,,,,,,,,,,,,,,,,,310,,,,,,,400/51,,,,6,,,,,,,,,,,,,,,,,,
52,51,B30-3,,,,,291095.5,4695618.8,257.5,,,,Not Yet,,Not Yet,,Not Yet,,Not Yet,,Not Yet,,Not Yet,,Not Yet,,Not Yet,,Not Yet,,Not Yet,,Not Yet,,Not Yet,17540.0,3,, ,,392,297,0.76,,,,,2T-2T,3,3,,1,1,95-T,1,1, ,95-T,1,1,2,0,,Step-1,,,,,51
,,,,,,,,,,,,,,,,,,,,,,,,,,,,,,,,,,,,,,,,470,,,,26.0,378.6,1022.3,400/51,,,,9,,,,,,,,,,,,,,,,,,
53,52,BNS+12,,,,,290773.5,4695961.1,301.7,,,,Not Yet,,Not Yet,,Not Yet,,Not Yet,,Not Yet,,Not Yet,,Not Yet,,Not Yet,,Not Yet,,Not Yet,,Not Yet,,Not Yet,18010.0,3,, ,,385,443,1.15,,,,,SS,, ,,1,1,95-S,1,1, ,95-S,1,1,2,0,,Step-1,,,,CW: 100 kg,52
,,,,,,,,,,,,,,,,,,,,,,,,,,,,,,,,,,,,,,,,295,,,,,,,400/51,,,,6,,,,,,,,,,,,,,,,,,
54,53,BNS+6,,,,,290571.4,4696176.0,336.2,,,,Not Yet,,Not Yet,,Not Yet,,Not Yet,,Not Yet,,Not Yet,,Not Yet,,Not Yet,,Not Yet,,Not Yet,,Not Yet,,Not Yet,18305.0,4.1,, ,,278,529,1.90,,,,,SS,, ,,1,1,95-S,1,1, ,95-S,1,1,2,0,,Step-1,,,,,53
,,,,,,,,,,,,,,,,,,,,,,,,,,,,,,,,,,,,,,,,257.32,,,,,,,400/51,,,,5,,,,,,,,,,,,,,,,,,
55,54,B60+6,,,,,290395.1,4696363.5,301.6,,,,Not Yet,,Not Yet,,Not Yet,,Not Yet,,Not Yet,,Not Yet,,Not Yet,,Not Yet,,Not Yet,,Not Yet,,Not Yet,,Not Yet,18562.3,4.1,AP17,42.21,,340,57,0.17,,,,,2T-2T,1,3,,1,1,95-T,1,1, ,95-T,1,1,2,0,,Step-1,,,,,54
,,,,,,,,,,,,,,,,,,,,,,,,,,,,,,,,,,,,,,,,417.68,,,,27.0,417.7,417.7,400/51,,,,8,,,,,,,,,,,,,,,,,,
56,55,B30+12,,,,,290387.5,4696781.1,347.7,,,,Not Yet,,Not Yet,,Not Yet,,Not Yet,,Not Yet,,Not Yet,,Not Yet,,Not Yet,,Not Yet,,Not Yet,,Not Yet,,Not Yet,18980.0,5.1,, ,,343,367,1.07,,,,,2T-2T,3,3,,1,1,95-T,1,1, ,95-T,1,1,2,0,,Step-1,,,,,55
,,,,,,,,,,,,,,,,,,,,,,,,,,,,,,,,,,,,,,,,263,,,,28.0,270.3,540.0,400/51,,,,5,,,,,,,,,,,,,,,,,,
57,56,BNS-3,,,,,290382.7,4697044.0,393.7,,,,Not Yet,,Not Yet,,Not Yet,,Not Yet,,Not Yet,,Not Yet,,Not Yet,,Not Yet,,Not Yet,,Not Yet,,Not Yet,,Not Yet,19243.0,3,, ,,272,535,1.97,,,,,SS,, ,,1,1,95-S,1,1, ,95-S,1,1,2,0,,Step-1,,,,,56
,,,,,,,,,,,,,,,,,,,,,,,,,,,,,,,,,,,,,,,,277,,,,,,,400/51,,,,5,,,,,,,,,,,,,,,,,,
58,57,B30+12,,,,,290377.7,4697321.0,337.7,,,,Not Yet,,Not Yet,,Not Yet,,Not Yet,,Not Yet,,Not Yet,,Not Yet,,Not Yet,,Not Yet,,Not Yet,,Not Yet,,Not Yet,19520.0,5.1,, ,,353,597,1.69,,,,,2T-2T,3,3,,1,1,95-T,1,1, ,95-T,1,1,2,0,,Step-1,,,,,57
,,,,,,,,,,,,,,,,,,,,,,,,,,,,,,,,,,,,,,,,399.07,,,,29.0,399.1,399.1,400/51,,,,8,,,,,,,,,,,,,,,,MV OHDL,,
59,58,B30+3,,,,,290370.5,4697720.0,195.1,,,,Not Yet,12/12/25,Completed,,Not Yet,,Not Yet,,Not Yet,,Not Yet,,Not Yet,,Not Yet,,Not Yet,,Not Yet,,Not Yet,,Not Yet,19919.1,3,AP18,-29.43,,401,37,0.09,,,,,2T-2T,2,3,,1,1,95-T,1,1,JB,95-T,1,1,2,0,,Step-1,,,,,58
,,,,,,,,,,,,,,,,,,,,,,,,,,,,,,,,,,,,,,,,375.93,,,,30.0,375.9,375.9,400/51,,,,7,,,,,,,,,,,,,,,,"ROAD, TRACK",,
60,59,B30-3,,,,,290179.9,4698044.0,194.3,,,,Not Yet,12/12/25,Completed,,Not Yet,,Not Yet,,Not Yet,,Not Yet,,Not Yet,,Not Yet,,Not Yet,,Not Yet,,Not Yet,,Not Yet,20295.0,3,, ,,354,253,0.71,,,,,2T-2T,3,3,,1,1,95-T,1,1, ,95-T,1,1,2,0,,Step-1,,,,,59
,,,,,,,,,,,,,,,,,,,,,,,,,,,,,,,,,,,,,,,,330,,,,31.0,330.0,330.0,400/51,,,,7,,,,,,,,,,,,8 WS,,,,"STREAM, TRACK",,
61,60,B30+0,,,,,290012.6,4698328.5,218.5,,,,Not Yet,,Not Yet,,Not Yet,,Not Yet,,Not Yet,,Not Yet,,Not Yet,,Not Yet,,Not Yet,,Not Yet,,Not Yet,,Not Yet,20625.0,4.1,, ,,303,182,0.60,,,,,2T-2T,3,3,,1,1,95-T,1,1, ,95-T,1,1,2,0,,Step-1,,,,,60
,,,,,,,,,,,,,,,,,,,,,,,,,,,,,,,,,,,,,,,,270,,,,32.0,303.8,598.9,400/51,,,,5,,,,,,,,,,,,,,,,,,
62,61,BNS+3,,,,,289875.7,4698561.2,268.5,,,,Not Yet,,Not Yet,,Not Yet,,Not Yet,,Not Yet,,Not Yet,,Not Yet,,Not Yet,,Not Yet,,Not Yet,,Not Yet,,Not Yet,20895.0,4.1,, ,,304,356,1.17,,,,,SS,, ,,1,1,95-S,1,1, ,95-S,1,1,2,0,,Step-1,,,,,61
,,,,,,,,,,,,,,,,,,,,,,,,,,,,,,,,,,,,,,,,328.94,,,,,,,400/51,,,,7,,,,,,,,,,,,,,,,,,
63,62,B30+12,,,,,289708.9,4698844.7,308.8,,,,Not Yet,,Not Yet,,Not Yet,,Not Yet,,Not Yet,,Not Yet,,Not Yet,,Not Yet,,Not Yet,,Not Yet,,Not Yet,,Not Yet,21223.9,5.1,AP19,16.03,,321,223,0.69,,,,,2T-2T,1,3,,1,1,95-T,1,1, ,95-T,1,1,2,0,,Step-1,,,,,62
,,,,,,,,,,,,,,,,,,,,,,,,,,,,,,,,,,,,,,,,301.06,,,,33.0,301.1,301.1,400/51,,,,6,,,,,,,,,,,,,,,,,,
64,63,BLC-6,,,,,289633.8,4699136.3,402.4,,,,Not Yet,,Not Yet,,Not Yet,,Not Yet,,Not Yet,,Not Yet,,Not Yet,,Not Yet,,Not Yet,,Not Yet,,Not Yet,,Not Yet,21525.0,3,, ,,386,844,2.19,,,,,2T-2T,3,3,,1,1,95-T,1,1, ,95-T,1,1,2,0,,Step-1,,,,,63
,,,,,,,,,,,,,,,,,,,,,,,,,,,,,,,,,,,,,,,,455,,,,34.0,455.0,455.0,400/51,,,,9,,,,,,,,,,,,,,,,,,
65,65,B30+12,,,,,289520.4,4699576.9,304.1,,,,Not Yet,,Not Yet,,Not Yet,,Not Yet,,Not Yet,,Not Yet,,Not Yet,,Not Yet,,Not Yet,,Not Yet,,Not Yet,,Not Yet,21980.0,5.1,, ,,410,101,0.25,,,,,2T-2T,3,3,,1,1,95-T,1,1, ,95-T,1,1,2,0,,Step-1,,,,,65
,,,,,,,,,,,,,,,,,,,,,,,,,,,,,,,,,,,,,,,,358.053,,,,2.0,506.0,506.0,400/51,,,,7,,,,,,,,,,,,,,,,,,
2,66,B30-3,+0 LE,-1.5 LE,+1.5 LE,+3 LE,289441.01,4699926.03,354.12,,NO PERMISSION / NO PERMIT,,Not Yet,,Not Yet,,Not Yet,,Not Yet,,Not Yet,,Not Yet,,Not Yet,,Not Yet,,Not Yet,,Not Yet,,Not Yet,,Not Yet,358.05,3,P2-AP02,-10.72,,434,667,1.54,,,,,2T-2T,2,,,1,1,95-T,1,1,JB,95-T,1,1,2,0,,Step-1,,,,,66
,,,,,,,,,,,,,,,,,,,,,,,,,,,,,,,,,,,,,,,,506.04,,,,3.0,494.2,494.2,400/51,,,,,,,,,,,,,,,,,,,,,,
3,67,B30+0,+1.5 LE,+0 LE,+0 LE,+0 LE,289239,4700390.00,298.74,,NO PERMISSION / NO PERMIT,,Not Yet,,Not Yet,,Not Yet,,Not Yet,,Not Yet,,Not Yet,,Not Yet,,Not Yet,,Not Yet,,Not Yet,,Not Yet,,Not Yet,864.09,3,P2-AP03,-5.53,,503,267,0.53,,,,,2T-2T,3,,,1,1,95-T,1,1,,95-T,1,1,2,0,,Step-1,,,,,67
,,,,,,,,,,,,,,,,,,,,,,,,,,,,,,,,,,,,,,,,494.19,,,,4.0,654.8,654.8,400/51,,,,,,,,,,,,,,,,,,,,,,
4,68,BLS+12,+0 LE,+3 LE,+0 LE,-1.5 LE,288999,4700822.00,336.83,,NO PERMISSION / NO PERMIT,,Not Yet,,Not Yet,,Not Yet,,Not Yet,,Not Yet,,Not Yet,,Not Yet,,Not Yet,,Not Yet,,Not Yet,,Not Yet,,Not Yet,1358.28,4.1,P2-AP04,-6.53,,580,525,0.91,,,,,2T-2T,3,,,1,1,185-T,1,2,,185-T,1,2,1,2,,Step-1,,,,,68
,,,,,,,,,,,,,,,,,,,,,,,,,,,,,,,,,,,,,,,,654.765,,,,5.0,162.3,162.3,400/51,,,,,,,,,,,,,,,,,,,,,,
5,70,BLS+12,-3 LE,+3 LE,+4.5 LE,-3 LE,288618,4701354.50,437.31,,NO PERMISSION / NO PERMIT,,Not Yet,,Not Yet,,Not Yet,,Not Yet,,Not Yet,,Not Yet,,Not Yet,,Not Yet,,Not Yet,,Not Yet,,Not Yet,,Not Yet,2013.05,4.1,P2-AP06,-30.62,,413,719,1.74,,,,,2T-2T,3,,,1,1,185-T,2,1,,185-T,2,1,1,2,,Step-1,,,,,70
,,,,,,,,,,,,,,,,,,,,,,,,,,,,,,,,,,,,,,,,162.304,,,,6.0,483.3,483.3,400/51,,,,,,,,,,,,,,,,,,,,,,
6,71,B90+12,-3 LE,+1.5 LE,+1.5 LE,-3 LE,288469.5,4701420.00,413.48,,NO PERMISSION / NO PERMIT,,Not Yet,,Not Yet,,Not Yet,,Not Yet,,Not Yet,,Not Yet,,Not Yet,,Not Yet,,Not Yet,,Not Yet,,Not Yet,,Not Yet,2175.35,5.1,P2-AP07,40.38,,324,158,0.49,,,,,2T-2T,2,,,1,1,95-T,1,1,,95-T,1,1,2,0,,Step-1,,,,,71
,,,,,,,,,,,,,,,,,,,,,,,,,,,,,,,,,,,,,,,,483.255,,,,7.0,341.7,341.7,400/51,,,,,,,,,,,,,,,,,,,,,,
7,72,B30+0,+1.5 LE,+0 LE,+0 LE,+1.5 LE,288259,4701855.00,444.19,,NO PERMISSION / NO PERMIT,,Not Yet,,Not Yet,,Not Yet,,Not Yet,,Not Yet,,Not Yet,,Not Yet,,Not Yet,,Not Yet,,Not Yet,,Not Yet,,Not Yet,2658.61,3,P2-AP08,-8.56,,413,450,1.09,,,,,2T-2T,3,,,1,1,95-T,1,1,,95-T,1,1,2,0,,Step-1,,,,,72
,,,,,,,,,,,,,,,,,,,,,,,,,,,,,,,,,,,,,,,,341.721,,,,8.0,395.0,758.3,400/51,,,,,,,,,,,,,,,,,,,,,,
8,73,B30-3,+0 LE,+1.5 LE,+0 LE,+1.5 LE,288066,4702137.00,451.14,,NO PERMISSION / NO PERMIT,,Not Yet,,Not Yet,,Not Yet,,Not Yet,,Not Yet,,Not Yet,,Not Yet,,Not Yet,,Not Yet,,Not Yet,,Not Yet,,Not Yet,3000.33,5.1,P2-AP09,4.66,,393,346,0.88,,,,,2T-2T,3,,,1,1,95-T,1,1,,95-T,1,1,2,0,,Step-1,,,,,73
,,,,,,,,,,,,,,,,,,,,,,,,,,,,,,,,,,,,,,,,444.175,,,,,,,400/51,,,,,,,,,,,,,,,,,,,,,,
9,74,BNS+12,+0 LE,+0 LE,+0 LE,+0 LE,287845.753,4702522.72,460.07,,NO PERMISSION / NO PERMIT,,Not Yet,,Not Yet,,Not Yet,,Not Yet,,Not Yet,,Not Yet,,Not Yet,,Not Yet,,Not Yet,,Not Yet,,Not Yet,,Not Yet,3444.50,3,, ,,380,388,1.02,,,,,SS,,,,1,1,95-S,1,1,,95-S,1,1,2,0,,Step-1,,,,,74
,,,,,,,,,,,,,,,,,,,,,,,,,,,,,,,,,,,,,,,,314.111,,,,9.0,463.7,463.7,400/51,,,,,,,,,,,,,,,,,,,,,,
10,75,B30+12,+0 LE,-1.5 LE,+0 LE,+0 LE,287690,4702795.50,475.89,,NO PERMISSION / NO PERMIT,,Not Yet,,Not Yet,,Not Yet,,Not Yet,,Not Yet,,Not Yet,,Not Yet,,Not Yet,,Not Yet,,Not Yet,,Not Yet,,Not Yet,3758.61,3,P2-AP10,-13.34,,389,482,1.24,,,,,2T-2T,2,,,1,1,95-T,1,1,,95-T,1,1,2,0,,Step-1,,,,,75
,,,,,,,,,,,,,,,,,,,,,,,,,,,,,,,,,,,,,,,,463.684,,,,10.0,424.1,424.1,400/51,,,,,,,,,,,,,,,,,,,,,,
11,76,B30+6,+0 LE,+0 LE,+0 LE,+0 LE,287373.362,4703134.24,468.37,,NO PERMISSION / NO PERMIT,,Not Yet,,Not Yet,,Not Yet,,Not Yet,,Not Yet,,Not Yet,,Not Yet,,Not Yet,,Not Yet,,Not Yet,,Not Yet,,Not Yet,4222.30,4.1,P2-AP11,-15.43,,447,609,1.36,,,,,2T-2T,2,,,1,1,95-T,1,1,,95-T,1,1,2,0,,Step-1,,,,,76
,,,,,,,,,,,,,,,,,,,,,,,,,,,,,,,,,,,,,,,,424.081,,,,11.0,296.6,296.6,400/51,,,,,,,,,,,,,,,,,,,,,,
12,77,B30-3,+0 LE,+0 LE,+1.5 LE,+1.5 LE,287011.763,4703355.80,404.58,,NO PERMISSION / NO PERMIT,,Not Yet,,Not Yet,,Not Yet,,Not Yet,,Not Yet,,Not Yet,,Not Yet,,Not Yet,,Not Yet,,Not Yet,,Not Yet,,Not Yet,4646.38,4.1,P2-AP12,14.06,,363,156,0.43,,,,,2T-2T,1,,,1,1,95-T,1,1,JB,95-T,1,1,2,0,,Step-1,,,,,77
,,,,,,,,,,,,,,,,,,,,,,,,,,,,,,,,,,,,,,,,296.637,,,,12.0,351.2,351.2,400/51,,,,,,,,,,,,,,,,,,,,,,
13,78,B30-3,-1.5 LE,+1.5 LE,+3 LE,+1.5 LE,286804.046,4703567.57,408.79,,NO PERMISSION / NO PERMIT,,Not Yet,,Not Yet,,Not Yet,,Not Yet,,Not Yet,,Not Yet,,Not Yet,,Not Yet,,Not Yet,,Not Yet,,Not Yet,,Not Yet,4943.02,5.1,P2-AP13,-22.55,,324,398,1.23,,,,,2T-2T,2,,,1,1,95-T,1,1,,95-T,1,1,2,0,,Step-1,,,,,78
,,,,,,,,,,,,,,,,,,,,,,,,,,,,,,,,,,,,,,,,351.174,,,,13.0,595.8,595.8,400/51,,,,,,,,,,,,,,,,,,,,,,
14,79,B30+3,-3 LE,+3 LE,+0 LE,-3 LE,286480.789,4703704.79,385.00,,NO PERMISSION / NO PERMIT,,Not Yet,,Not Yet,,Not Yet,,Not Yet,,Not Yet,,Not Yet,,Not Yet,,Not Yet,,Not Yet,,Not Yet,,Not Yet,,Not Yet,5294.19,3,P2-AP14,-8.47,,480,190,0.40,,,,,2T-2T,3,,,1,2,95-T,1,2,,95-T,1,1,2,0,,Step-1,,,,,79
,,,,,,,,,,,,,,,,,,,,,,,,,,,,,,,,,,,,,,,,595.757,,,,14.0,404.7,1193.8,400/51,,,,,,,,,,,,,,,,,,,,,,
15,80,B30+0,-3 LE,+1.5 LE,+3 LE,-1.5 LE,285904.094,4703854.29,511.50,,NO PERMISSION / NO PERMIT,,Not Yet,,Not Yet,,Not Yet,,Not Yet,,Not Yet,,Not Yet,,Not Yet,,Not Yet,,Not Yet,,Not Yet,,Not Yet,,Not Yet,5889.95,5.1,P2-AP15,-0.30,,472,766,1.62,,,,,2T-2T,3,,,2,1,95-T,2,1,,95-T,1,1,2,0,,Step-1,,,,,80
,,,,,,,,,,,,,,,,,,,,,,,,,,,,,,,,,,,,,,,,334.25,,,,,,,400/51,,,,,,,,,,,,,,,,,,,,,,
16,81,BNS+6,-1.5 LE,+1.5 LE,+3 LE,-1.5 LE,285580.101,4703936.45,489.66,,NO PERMISSION / NO PERMIT,,Not Yet,,Not Yet,,Not Yet,,Not Yet,,Not Yet,,Not Yet,,Not Yet,,Not Yet,,Not Yet,,Not Yet,,Not Yet,,Not Yet,6224.20,3,, ,,387,399,1.03,,,,,SS,,,,1,1,95-S,1,1,,95-S,1,1,2,0,,Step-1,,,,,81
,,,,,,,,,,,,,,,,,,,,,,,,,,,,,,,,,,,,,,,,439.562,,,,,,,400/51,,,,,,,,,,,,,,,,,,,,,,
17,82,BNS+12,-1.5 LE,+1.5 LE,+1.5 LE,+0 LE,285154.027,4704044.51,459.72,,NO PERMISSION / NO PERMIT,,Not Yet,,Not Yet,,Not Yet,,Not Yet,,Not Yet,,Not Yet,,Not Yet,,Not Yet,,Not Yet,,Not Yet,,Not Yet,,Not Yet,6663.76,3,, ,,431,462,1.07,,,,,SS,,,,1,1,95-S,1,1,,95-S,1,1,2,0,,Step-1,,,,,82
,,,,,,,,,,,,,,,,,,,,,,,,,,,,,,,,,,,,,,,,419.986,,,,15.0,930.0,930.0,400/51,,,,,,,,,,,,,,,,,,,,,,
18,83,BLS+0,-1.5 LE,+0 LE,+3 LE,-1.5 LE,284746.928,4704147.75,438.67,,NO PERMISSION / NO PERMIT,,Not Yet,,Not Yet,,Not Yet,,Not Yet,,Not Yet,,Not Yet,,Not Yet,,Not Yet,,Not Yet,,Not Yet,,Not Yet,,Not Yet,7083.75,4.1,, ,,679,829,1.22,,,,,3T-3T,6,,,1,3,185-T,1,1,JB,185-T,1,3,1,3,,Step-1,,,,,83
,,,,,,,,,,,,,,,,,,,,,,,,,,,,,,,,,,,,,,,,929.969,,,,16.0,318.6,595.5,500/204,,,,,,,,,,,,,,,,,,,,,,
19,84,BLS-6,+1.5 LE,-1.5 LE,+0 LE,+3 LE,283845.496,4704376.36,333.49,,NO PERMISSION / NO PERMIT,,Not Yet,,Not Yet,,Not Yet,,Not Yet,,Not Yet,,Not Yet,,Not Yet,,Not Yet,,Not Yet,,Not Yet,,Not Yet,,Not Yet,8013.71,4.1,, ,,582,346,0.59,,,,,3T-3T,6,,,3,1,185-T,1,1,JB,185-T,3,1,1,3,,Step-1,,,,,84
,,,,,,,,,,,,,,,,,,,,,,,,,,,,,,,,,,,,,,,,227.286,,,,,,,400/51,,,,,,,,,,,,,,,,,,,,,,
20,85,BNS+9,+1.5 LE,-1.5 LE,-1.5 LE,+0 LE,283625.185,4704432.23,319.35,,NO PERMISSION / NO PERMIT,,Not Yet,,Not Yet,,Not Yet,,Not Yet,,Not Yet,,Not Yet,,Not Yet,,Not Yet,,Not Yet,,Not Yet,,Not Yet,,Not Yet,8241.00,5.1,, ,,298,394,1.32,,,,,SS,,,,1,1,95-S,1,1,,95-S,1,1,2,0,,Step-1,,,,,85
,,,,,,,,,,,,,,,,,,,,,,,,,,,,,,,,,,,,,,,,368.231,,,,17.0,399.3,399.3,400/51,,,,,,,,,,,,,,,,,,,,,,
21,86,B60+6,+0 LE,-1.5 LE,+1.5 LE,+3 LE,283268.253,4704522.75,293.00,,NO PERMISSION / NO PERMIT,,Not Yet,,Not Yet,,Not Yet,,Not Yet,,Not Yet,,Not Yet,,Not Yet,,Not Yet,,Not Yet,,Not Yet,,Not Yet,,Not Yet,8609.23,3,P2-AP16,51.09,,384,323,0.84,,,,,2T-2T,1,,,1,1,95-T,1,1,,95-T,1,1,2,0,,Step-1,,,,,86
,,,,,,,,,,,,,,,,,,,,,,,,,,,,,,,,,,,,,,,,399.33,,,,18.0,242.5,242.5,400/51,,,,,,,,,,,,,,,,,,,,,,
22,87,B60-3,+1.5 LE,+1.5 LE,+0 LE,+0 LE,283101.5,4704885.60,293.50,,NO PERMISSION / NO PERMIT,,Not Yet,,Not Yet,,Not Yet,,Not Yet,,Not Yet,,Not Yet,,Not Yet,,Not Yet,,Not Yet,,Not Yet,,Not Yet,,Not Yet,9008.56,5.1,P2-AP17,35.07,,321,229,0.71,,,,,2T-2T,1,,,1,1,95-T,1,1,,95-T,1,1,2,0,,Step-1,,,,,87
,,,,,,,,,,,,,,,,,,,,,,,,,,,,,,,,,,,,,,,,242.486,,,,19.0,360.8,360.8,400/51,,,,,,,,,,,,,,,,,,,,,,
23,88,B30+6,-1.5 LE,+0 LE,+1.5 LE,+0 LE,283145.226,4705124.11,301.02,,NO PERMISSION / NO PERMIT,,Not Yet,,Not Yet,,Not Yet,,Not Yet,,Not Yet,,Not Yet,,Not Yet,,Not Yet,,Not Yet,,Not Yet,,Not Yet,,Not Yet,9251.05,3,P2-AP18,15.49,,302,334,1.11,,,,,2T-2T,1,,,1,1,95-T,1,1,,95-T,1,1,2,0,,Step-1,,,,,88
,,,,,,,,,,,,,,,,,,,,,,,,,,,,,,,,,,,,,,,,360.821,,,,20.0,525.0,525.0,400/51,,,,,,,,,,,,,,,,,,,,,,
24,89,B60+3,+0 LE,+0 LE,+0 LE,+0 LE,283302.73,4705448.74,316.50,,NO PERMISSION / NO PERMIT,,Not Yet,,Not Yet,,Not Yet,,Not Yet,,Not Yet,,Not Yet,,Not Yet,,Not Yet,,Not Yet,,Not Yet,,Not Yet,,Not Yet,9611.87,3,P2-AP19,-37.87,,443,458,1.03,,,,,2T-2T,2,,,1,1,95-T,1,1,,95-T,1,1,2,0,,Step-1,,,,,89
,,,,,,,,,,,,,,,,,,,,,,,,,,,,,,,,,,,,,,,,525.016,,,,21.0,437.5,437.5,400/51,,,,,,,,,,,,,,,,,,,,,,
25,90,B60-3,+0 LE,+0 LE,+0 LE,+0 LE,283193.65,4705962.30,334.53,,NO PERMISSION / NO PERMIT,,Not Yet,,Not Yet,,Not Yet,,Not Yet,,Not Yet,,Not Yet,,Not Yet,,Not Yet,,Not Yet,,Not Yet,,Not Yet,,Not Yet,10136.88,4.1,P2-AP20,41.26,,482,438,0.91,,,,,2T-2T,1,,,1,1,95-T,1,1,,95-T,1,1,2,0,,Step-1,,,,,90
,,,,,,,,,,,,,,,,,,,,,,,,,,,,,,,,,,,,,,,,437.471,,,,22.0,454.3,454.3,400/51,,,,,,,,,,,,,,,,,,,,,,
26,91,B30-3,+0 LE,+0 LE,+0 LE,+0 LE,283407.5,4706343.94,362.50,,NO PERMISSION / NO PERMIT,,Not Yet,,Not Yet,,Not Yet,,Not Yet,,Not Yet,,Not Yet,,Not Yet,,Not Yet,,Not Yet,,Not Yet,,Not Yet,,Not Yet,10574.36,4.1,P2-AP21,9.41,,446,558,1.25,,,,,2T-2T,3,,,1,1,95-T,1,1,,95-T,1,1,2,0,,Step-1,,,,,91
,,,,,,,,,,,,,,,,,,,,,,,,,,,,,,,,,,,,,,,,454.308,,,,23.0,406.8,406.8,400/51,,,,,,,,,,,,,,,,,,,,,,
27,92,B30-3,+0 LE,+1.5 LE,+0 LE,-1.5 LE,283691.365,4706698.65,349.10,,NO PERMISSION / NO PERMIT,,Not Yet,,Not Yet,,Not Yet,,Not Yet,,Not Yet,,Not Yet,,Not Yet,,Not Yet,,Not Yet,,Not Yet,,Not Yet,,Not Yet,11028.66,5.1,P2-AP22,-25.28,,431,435,1.01,,,,,2T-2T,2,,,1,1,95-T,1,1,,95-T,1,1,2,0,,Step-1,,,,,92
,,,,,,,,,,,,,,,,,,,,,,,,,,,,,,,,,,,,,,,,406.81,,,,24.0,456.9,456.9,400/51,,,,,,,,,,,,,,,,,,,,,,
28,93,B30-3,-1.5 LE,+1.5 LE,+3 LE,+0 LE,283785.56,4707094.40,336.39,,NO PERMISSION / NO PERMIT,,Not Yet,,Not Yet,,Not Yet,,Not Yet,,Not Yet,,Not Yet,,Not Yet,,Not Yet,,Not Yet,,Not Yet,,Not Yet,,Not Yet,11435.47,3,P2-AP23,-1.18,,432,367,0.85,,,,,2T-2T,3,,,1,1,95-T,1,1,,95-T,1,1,2,0,,Step-1,,,,,93
,,,,,,,,,,,,,,,,,,,,,,,,,,,,,,,,,,,,,,,,456.93,,,,25.0,298.4,298.4,400/51,,,,,,,,,,,,,,,,,,,,,,
29,94,B30-3,+0 LE,+0 LE,+0 LE,+0 LE,283882.17,4707541.00,348.50,,NO PERMISSION / NO PERMIT,,Not Yet,,Not Yet,,Not Yet,,Not Yet,,Not Yet,,Not Yet,,Not Yet,,Not Yet,,Not Yet,,Not Yet,,Not Yet,,Not Yet,11892.40,5.1,P2-AP24,-15.11,,378,367,0.97,,,,,2T-2T,2,,,1,1,95-T,1,1,,95-T,1,1,2,0,,Step-1,,,,,94
,,,,,,,,,,,,,,,,,,,,,,,,,,,,,,,,,,,,,,,,298.422,,,,26.0,345.4,345.4,400/51,,,,,,,,,,,,,,,,,,,,,,
30,95,B30-3,+1.5 LE,+1.5 LE,+1.5 LE,+0 LE,283867.038,4707839.04,360.50,,NO PERMISSION / NO PERMIT,,Not Yet,,Not Yet,,Not Yet,,Not Yet,,Not Yet,,Not Yet,,Not Yet,,Not Yet,,Not Yet,,Not Yet,,Not Yet,,Not Yet,12190.83,3,P2-AP25,6.75,,322,304,0.94,,,,,2T-2T,3,,,1,1,95-T,1,1,,95-T,1,1,2,0,,Step-1,,,,,95
,,,,,,,,,,,,,,,,,,,,,,,,,,,,,,,,,,,,,,,,345.425,,,,27.0,566.8,566.8,400/51,,,,,,,,,,,,,,,,,,,,,,
31,96,B30-3,+0 LE,+0 LE,+0 LE,+1.5 LE,283890.186,4708183.69,380.00,,NO PERMISSION / NO PERMIT,,Not Yet,,Not Yet,,Not Yet,,Not Yet,,Not Yet,,Not Yet,,Not Yet,,Not Yet,,Not Yet,,Not Yet,,Not Yet,,Not Yet,12536.25,3,P2-AP26,6.57,,457,608,1.33,,,,,2T-2T,1,,,1,1,95-T,1,1,JB,95-T,1,1,2,0,,Step-1,,,,,96
,,,,,,,,,,,,,,,,,,,,,,,,,,,,,,,,,,,,,,,,566.789,,,,28.0,290.3,290.3,400/51,,,,,,,,,,,,,,,,,,,,,,
32,97,B30-3,-1.5 LE,+0 LE,+1.5 LE,+0 LE,283992.58,4708741.15,339.84,,NO PERMISSION / NO PERMIT,,Not Yet,,Not Yet,,Not Yet,,Not Yet,,Not Yet,,Not Yet,,Not Yet,,Not Yet,,Not Yet,,Not Yet,,Not Yet,,Not Yet,13103.04,4.1,P2-AP27,0.80,,429,384,0.90,,,,,2T-2T,3,,,1,1,95-T,1,1,,95-T,1,1,2,0,,Step-1,,,,,97
,,,,,,,,,,,,,,,,,,,,,,,,,,,,,,,,,,,,,,,,290.277,,,,29.0,513.6,513.6,400/51,,,,,,,,,,,,,,,,,,,,,,
33,98,B60-3,+1.5 LE,+0 LE,+0 LE,+1.5 LE,284048.979,4709025.90,330.10,,NO PERMISSION / NO PERMIT,,Not Yet,,Not Yet,,Not Yet,,Not Yet,,Not Yet,,Not Yet,,Not Yet,,Not Yet,,Not Yet,,Not Yet,,Not Yet,,Not Yet,13393.32,4.1,P2-AP28,46.48,,404,231,0.57,,,,,2T-2T,1,,,1,1,95-T,1,1,,95-T,1,1,2,0,,Step-1,,,,,98
,,,,,,,,,,,,,,,,,,,,,,,,,,,,,,,,,,,,,,,,513.615,,,,30.0,289.9,289.9,400/51,,,,,,,,,,,,,,,,,,,,,,
34,99,B30-3,+1.5 LE,+1.5 LE,-3 LE,-1.5 LE,284483.039,4709300.47,391.50,,NO PERMISSION / NO PERMIT,,Not Yet,,Not Yet,,Not Yet,,Not Yet,,Not Yet,,Not Yet,,Not Yet,,Not Yet,,Not Yet,,Not Yet,,Not Yet,,Not Yet,13906.93,5.1,P2-AP29,-15.46,,413,200,0.48,,,,,2T-2T,2,,,1,1,95-T,1,1,,95-T,1,1,2,0,,Step-1,,,,,99
,,,,,,,,,,,,,,,,,,,,,,,,,,,,,,,,,,,,,,,,289.892,,,,31.0,265.8,265.8,400/51,,,,,,,,,,,,,,,,,,,,,,
35,100,B30+3,+3 LE,+1.5 LE,-3 LE,+0 LE,284677.86,4709515.14,489.39,,NO PERMISSION / NO PERMIT,,Not Yet,,Not Yet,,Not Yet,,Not Yet,,Not Yet,,Not Yet,,Not Yet,,Not Yet,,Not Yet,,Not Yet,,Not Yet,,Not Yet,14196.82,3,P2-AP30,12.54,,290,415,1.43,,,,,2T-2T,1,,,1,1,95-T,1,1,,95-T,1,1,2,0,,Step-1,,,,,100
,,,,,,,,,,,,,,,,,,,,,,,,,,,,,,,,,,,,,,,,265.837,,,,32.0,259.3,259.3,400/51,,,,,,,,,,,,,,,,,,,,,,
36,101,B90-3,+3 LE,+3 LE,-1.5 LE,-1.5 LE,284895,4709668.50,556.75,,NO PERMISSION / NO PERMIT,,Not Yet,,Not Yet,,Not Yet,,Not Yet,,Not Yet,,Not Yet,,Not Yet,,Not Yet,,Not Yet,,Not Yet,,Not Yet,,Not Yet,14462.66,5.1,P2-AP31,-77.06,,266,451,1.70,,,,,2T-2T,4,,,1,1,95-T,1,1,JB,95-T,1,1,2,0,,Step-1,,,,,101
,,,,,,,,,,,,,,,,,,,,,,,,,,,,,,,,,,,,,,,,259.34,,,,33.0,489.7,489.7,400/51,,,,,,,,,,,,,,,,,,,,,,
37,102,B30+0,-1.5 LE,+1.5 LE,+1.5 LE,+0 LE,284796.642,4709908.47,566.44,,NO PERMISSION / NO PERMIT,,Not Yet,,Not Yet,,Not Yet,,Not Yet,,Not Yet,,Not Yet,,Not Yet,,Not Yet,,Not Yet,,Not Yet,,Not Yet,,Not Yet,14722.00,3,, ,,379,647,1.71,,,,,2T-2T,3,,,1,1,95-T,1,1,,95-T,1,1,2,0,,Step-1,,,,,102
,,,,,,,,,,,,,,,,,,,,,,,,,,,,,,,,,,,,,,,,489.686,,,,34.0,391.7,391.7,400/51,,,,,,,,,,,,,,,,,,,,,,
38,103,B30+12,-3 LE,+3 LE,+3 LE,-3 LE,284610.923,4710361.57,462.79,,NO PERMISSION / NO PERMIT,,Not Yet,,Not Yet,,Not Yet,,Not Yet,,Not Yet,,Not Yet,,Not Yet,,Not Yet,,Not Yet,,Not Yet,,Not Yet,,Not Yet,15211.69,3,P2-AP32,6.62,,445,220,0.49,,,,,2T-2T,3,,,1,1,95-T,1,1,,95-T,1,1,2,0,,Step-1,,,,,103
,,,,,,,,,,,,,,,,,,,,,,,,,,,,,,,,,,,,,,,,391.738,,,,35.0,581.4,581.4,400/51,,,,,,,,,,,,,,,,,,,,,,
39,104,B30+6,-1.5 LE,+1.5 LE,+1.5 LE,-1.5 LE,284505.1,4710738.74,473.59,,NO PERMISSION / NO PERMIT,,Not Yet,,Not Yet,,Not Yet,,Not Yet,,Not Yet,,Not Yet,,Not Yet,,Not Yet,,Not Yet,,Not Yet,,Not Yet,,Not Yet,15603.42,4.1,P2-AP33,-12.89,,487,439,0.90,,,,,2T-2T,2,,,1,1,95-T,1,1,,95-T,1,1,2,0,,Step-1,,,,,104
,,,,,,,,,,,,,,,,,,,,,,,,,,,,,,,,,,,,,,,,581.369,,,,36.0,422.3,422.3,400/51,,,,,,,,,,,,,,,,,,,,,,
40,105,B30+12,+0 LE,+1.5 LE,+1.5 LE,+0 LE,284227.136,4711249.35,499.50,,NO PERMISSION / NO PERMIT,,Not Yet,,Not Yet,,Not Yet,,Not Yet,,Not Yet,,Not Yet,,Not Yet,,Not Yet,,Not Yet,,Not Yet,,Not Yet,,Not Yet,16184.79,4.1,P2-AP34,21.66,,502,592,1.18,,,,,2T-2T,1,,,1,1,95-T,1,1,,95-T,1,1,2,0,,Step-1,,,,,105
,,,,,,,,,,,,,,,,,,,,,,,,,,,,,,,,,,,,,,,,422.297,,,,37.0,818.9,818.9,400/51,,,,,,,,,,,,,,,,,,,,,,
41,106,BLS+6,-3 LE,+3 LE,+3 LE,-1.5 LE,284176.39,4711668.59,498.33,,NO PERMISSION / NO PERMIT,,Not Yet,,Not Yet,,Not Yet,,Not Yet,,Not Yet,,Not Yet,,Not Yet,,Not Yet,,Not Yet,,Not Yet,,Not Yet,,Not Yet,16607.09,5.1,P2-AP35,-45.09,,623,812,1.30,,,,,3T-3T,4,,,1,3,185-T,1,2,JB,185-T,1,3,1,3,,Step-1,,,,,106
,,,,,,,,,,,,,,,,,,,,,,,,,,,,,,,,,,,,,,,,818.936,,,,38.0,346.2,346.2,500/204,,,,,,,,,,,,,,,,,,,,,,
42,110,"BLS+12
(Part-3)",-3 LE,+3 LE,+3 LE,-1.5 LE,283531.144,4712172.89,418.72,,NO PERMISSION / NO PERMIT,,Not Yet,,Not Yet,,Not Yet,,Not Yet,,Not Yet,,Not Yet,,Not Yet,,Not Yet,,Not Yet,,Not Yet,,Not Yet,,Not Yet,17426.03,3,P2-AP36,2.01,,585,420,0.72,,,,,3T-3T,6,,,3,1,185-T,2,1,,185-T,3,1,1,3,,Step-1,,,,,110
,,,,,,,,,,,,,,,,,,,,,,,,,,,,,,,,,,,,,,,,346.212,,,,,,,400/51,,,,,,,,,,,,,,,,,,,,,,
111,112,BNS+9,,,,,283181.2,4712591.4,435.9,,,,Not Yet,,Not Yet,,Not Yet,,Not Yet,,Not Yet,,Not Yet,,Not Yet,,Not Yet,,Not Yet,,Not Yet,,Not Yet,,Not Yet,38285.0,5.1,, ,,258,310,1.20,,,,,SS,, ,,1,1,95-S,1,1, ,95-S,1,1,2,0,,Step-1,,,,,112
,,,,,,,,,,,,,,,,,,,,,,,,,,,,,,,,,,,,,,,,295,,,,,,,400/51,,,,6,,,,,,,,,,,,,,,,,,
112,113,BNS+3,,,,,283064.1,4712862.2,488.2,,,,Not Yet,,Not Yet,,Not Yet,,Not Yet,,Not Yet,,Not Yet,,Not Yet,,Not Yet,,Not Yet,,Not Yet,,Not Yet,,Not Yet,38580.0,3,, ,,303,359,1.18,,,,,SS,, ,,1,1,95-S,1,1, ,95-S,1,1,2,0,,Step-1,,,,,113
,,,,,,,,,,,,,,,,,,,,,,,,,,,,,,,,,,,,,,,,305,,,,,,,400/51,,,,6,,,,,,,,,,,,,,,,,,
113,114,BNS+6,,,,,282942.9,4713142.1,518.0,,,,Not Yet,,Not Yet,,Not Yet,,Not Yet,,Not Yet,,Not Yet,,Not Yet,,Not Yet,,Not Yet,,Not Yet,,Not Yet,,Not Yet,38885.0,3,, ,,313,361,1.15,,,,,SS,, ,,1,1,95-S,1,1, ,95-S,1,1,2,0,,Step-1,,,,,114
,,,,,,,,,,,,,,,,,,,,,,,,,,,,,,,,,,,,,,,,318.1,,,,,,,400/51,,,,6,,,,,,,,,,,,,,,,,,
114,115,B30-3,,,,,282816.6,4713434.0,547.8,,,,Not Yet,,Not Yet,,Not Yet,,Not Yet,,Not Yet,,Not Yet,,Not Yet,,Not Yet,,Not Yet,,Not Yet,,Not Yet,,Not Yet,39203.1,4.1,AP37,9.78,,309,227,0.73,,,,,2T-2T,3,3,,1,1,95-T,1,1, ,95-T,1,1,2,0,,Step-1,,,,,115
,,,,,,,,,,,,,,,,,,,,,,,,,,,,,,,,,,,,,,,,296.9,,,,68.0,282.7,562.8,400/51,,,,6,,,,,,,,,,,,,,,,,,
115,116,BNS+12,,,,,282746.6,4713722.6,574.6,,,,Not Yet,,Not Yet,,Not Yet,,Not Yet,,Not Yet,,Not Yet,,Not Yet,,Not Yet,,Not Yet,,Not Yet,,Not Yet,,Not Yet,39500.0,4.1,, ,,283,365,1.29,,,,,SS,, ,,1,1,95-S,1,1, ,95-S,1,1,2,0,,Step-1,,,,,116
,,,,,,,,,,,,,,,,,,,,,,,,,,,,,,,,,,,,,,,,265.92,,,,,,,400/51,,,,5,,,,,,,,,,,,,,,,,,
116,117,B30-3,,,,,282684.0,4713981.0,607.9,,,,Not Yet,,Not Yet,,Not Yet,,Not Yet,,Not Yet,,Not Yet,,Not Yet,,Not Yet,,Not Yet,,Not Yet,,Not Yet,,Not Yet,39765.9,5.1,AP38,5.11,,258,311,1.21,,,,,2T-2T,3,3,,1,1,95-T,1,1, ,95-T,1,1,2,0,,Step-1,,,,,117
,,,,,,,,,,,,,,,,,,,,,,,,,,,,,,,,,,,,,,,,249.08,,,,69.0,249.1,249.1,400/51,,,,5,,,,,,,,,,,,,,,,,,
117,118,B30-3,,,,,282647.1,4714227.3,612.7,,,,Not Yet,,Not Yet,,Not Yet,,Not Yet,,Not Yet,,Not Yet,,Not Yet,,Not Yet,,Not Yet,,Not Yet,,Not Yet,,Not Yet,40015.0,3,, ,,344,187,0.54,,,,,2T-2T,3,3,,1,1,95-T,1,1, ,95-T,1,1,2,0,,Step-1,,,,,118
,,,,,,,,,,,,,,,,,,,,,,,,,,,,,,,,,,,,,,,,435,,,,70.0,435.0,435.0,400/51,,,,8,,,,,,,,,,,,10 W.S,,,,,,
118,119,BLC+0,,,,,282582.7,4714657.5,671.2,,,,Not Yet,,Not Yet,,Not Yet,,Not Yet,,Not Yet,,Not Yet,,Not Yet,,Not Yet,,Not Yet,,Not Yet,,Not Yet,,Not Yet,40450.0,5.1,AP39,0.93,,549,325,0.59,,,,,2T-2T,3,3,,1,2,95-T,1,2, ,95-T,1,2,3,0,,Step-1,,,,,119
,,,,,,,,,,,,,,,,,,,,,,,,,,,,,,,,,,,,,,,,614.78,,,,71.0,614.8,614.8,400/51,,,,12,,,,,,,,,,,,,,,,,,
119,120,BLC+18,,,,,282501.6,4715267.0,889.5,,,,Not Yet,,Not Yet,,Not Yet,,Not Yet,,Not Yet,,Not Yet,,Not Yet,,Not Yet,,Not Yet,,Not Yet,,Not Yet,,Not Yet,41064.8,3,AP40,-3.77,,437,561,1.28,,,,,2T-2T,3,3,,2,1,95-T,2,1, ,95-T,2,1,3,0,,Step-1,,,,,120
,,,,,,,,,,,,,,,,,,,,,,,,,,,,,,,,,,,,,,,,200.99,,,,72.0,201.0,201.0,400/51,,,,4,,,,,,,,,,,,,,,,,,
120,121,BLS-6,,,,,282462.0,4715464.0,991.8,,,,Not Yet,,Not Yet,,Not Yet,,Not Yet,,Not Yet,,Not Yet,,Not Yet,,Not Yet,,Not Yet,,Not Yet,,Not Yet,,Not Yet,41265.8,3,AP41,-38.97,,413,1024,2.48,,,,,2T-2T,2,3,,1,2,95-T,1,2, ,95-T,1,2,1,2,,Step-1,,,,,121
,,,,,,,,,,,,,,,,,,,,,,,,,,,,,,,,,,,,,,,,593.71,,,,73.0,593.7,593.7,400/51,,,,11,,,,,,,,,,,,14 W.S,,,,,,
121,122,B60+12,,,,,282005.0,4715843.0,829.9,,,,Not Yet,,Not Yet,,Not Yet,,Not Yet,,Not Yet,,Not Yet,,Not Yet,,Not Yet,,Not Yet,,Not Yet,,Not Yet,,Not Yet,41859.5,4.1,AP42,52.09,,470,22,0.05,,,,,2T-2T,1,3,,2,1,95-T,2,1,JB,95-T,2,1,3,0,,Step-1,,,,,122
,,,,,,,,,,,,,,,,,,,,,,,,,,,,,,,,,,,,,,,,325.87,,,,74.0,288.3,547.9,400/51,,,,6,,,,,,,,,,,,,,,,,,
122,123,BNS+3,,,,,282015.0,4716168.7,880.1,,,,Not Yet,,Not Yet,,Not Yet,,Not Yet,,Not Yet,,Not Yet,,Not Yet,,Not Yet,,Not Yet,,Not Yet,,Not Yet,,Not Yet,42185.4,4.1,, ,,276,341,1.24,,,,,SS,, ,,1,1,95-S,1,1, ,95-S,1,1,2,0,,Step-1,,,,,123
,,,,,,,,,,,,,,,,,,,,,,,,,,,,,,,,,,,,,,,,222.07,,,,,,,400/51,,,,4,,,,,,,,,,,,,,,,,,
123,124,B30-3,,,,,282021.8,4716390.7,901.9,,,,Not Yet,,Not Yet,,Not Yet,,Not Yet,,Not Yet,,Not Yet,,Not Yet,,Not Yet,,Not Yet,,Not Yet,,Not Yet,,Not Yet,42407.4,5.1,AP43,18.71,,337,166,0.49,,,,,2T-2T,1,3,,1,1,95-T,1,1, ,95-T,1,1,2,0,,Step-1,,,,,124
,,,,,,,,,,,,,,,,,,,,,,,,,,,,,,,,,,,,,,,,442.93,,,,75.0,442.9,442.9,400/51,,,,9,,,,,,,,,,,,,,,,,,
124,125,B30+3,,,,,282176.7,4716805.7,986.9,,,,Not Yet,,Not Yet,,Not Yet,,Not Yet,,Not Yet,,Not Yet,,Not Yet,,Not Yet,,Not Yet,,Not Yet,,Not Yet,,Not Yet,42850.4,3,, ,,356,266,0.75,,,,,2T-2T,3,3,,1,1,95-T,1,1, ,95-T,1,1,2,0,,Step-1,,,,,125
,,,,,,,,,,,,,,,,,,,,,,,,,,,,,,,,,,,,,,,,245.24,,,,76.0,245.2,245.2,400/51,,,,5,,,,,,,,,,,,,,,,,,
125,126,B60+12,,,,,282262.5,4717035.4,1066.3,,,,Not Yet,,Not Yet,,Not Yet,,Not Yet,,Not Yet,,Not Yet,,Not Yet,,Not Yet,,Not Yet,,Not Yet,,Not Yet,,Not Yet,43095.6,5.1,AP44,-40.75,,372,220,0.59,,,,,2T-2T,2,3,,1,1,95-T,1,1, ,95-T,1,1,2,0,,Step-1,,,,,126
,,,,,,,,,,,,,,,,,,,,,,,,,,,,,,,,,,,,,,,,435.59,,,,77.0,435.6,435.6,400/51,,,,8,,,,,,,,,,,,,,,,,,
126,127,BLS+0,,,,,282111.5,4717444.0,1286.5,,,,Not Yet,,Not Yet,,Not Yet,,Not Yet,,Not Yet,,Not Yet,,Not Yet,,Not Yet,,Not Yet,,Not Yet,,Not Yet,,Not Yet,43531.2,3,AP45,4.86,,655,1506,2.30,,,,,2T-3T,3,3,,1,2,95-T/185-T,1,2,JB,95-T/185-T,1,2,1,2,,Step-1,,,,,127
,,,,,,,,,,,,,,,,,,,,,,,,,,,,,,,,,,,,,,,,810.66,,,,78.0,810.7,810.7,500/204,,,,16,,,,,,,,,,,,,,,,TRACK,,
127,128,BLS+0,,,,,281896.0,4718225.5,1122.9,,,,Not Yet,,Not Yet,,Not Yet,,Not Yet,,Not Yet,,Not Yet,,Not Yet,,Not Yet,,Not Yet,,Not Yet,,Not Yet,,Not Yet,44341.8,3,AP46,45.73,,509,308,0.61,,,,,3T-2T,1,3,,2,1,185-T/95-T,2,1,JB,185-T/95-T,2,1,1,2,,Step-1,,,,,128
,,,,,,,,,,,,,,,,,,,,,,,,,,,,,,,,,,,,,,,,188.48,,,,79.0,290.9,523.5,400/51,,,,4,,,,,,,,,,,,,,,,,,
128,129,BNS-3,,,,,281991.1,4718388.2,1100.8,,,,Not Yet,,Not Yet,,Not Yet,,Not Yet,,Not Yet,,Not Yet,,Not Yet,,Not Yet,,Not Yet,,Not Yet,,Not Yet,,Not Yet,44530.3,4.1,, ,,266,355,1.33,,,,,SS,, ,,1,1,95-S,1,1, ,95-S,1,1,2,0,,Step-1,,,,,129
,,,,,,,,,,,,,,,,,,,,,,,,,,,,,,,,,,,,,,,,335,,,,,,,400/51,,,,7,,,,,,,,,,,,,,,,,,
129,130,B30+12,,,,,282160.2,4718677.4,1015.3,,,,Not Yet,,Not Yet,,Not Yet,,Not Yet,,Not Yet,,Not Yet,,Not Yet,,Not Yet,,Not Yet,,Not Yet,,Not Yet,,Not Yet,44865.3,4.1,, ,,328,218,0.66,,,,,2T-2T,3,3,,1,1,95-T,1,1, ,95-T,1,1,2,0,,Step-1,,,,,130
,,,,,,,,,,,,,,,,,,,,,,,,,,,,,,,,,,,,,,,,311.69,,,,80.0,311.7,311.7,400/51,,,,6,,,,,,,,,,,,,,,,,,
130,131,BLS+6,,,,,282317.5,4718946.5,989.1,,,,Not Yet,,Not Yet,,Not Yet,,Not Yet,,Not Yet,,Not Yet,,Not Yet,,Not Yet,,Not Yet,,Not Yet,,Not Yet,,Not Yet,45177.0,5.1,AP47,-13.14,,394,1130,2.87,,,,,2T-2T,2,3,,1,1,95-T,1,1, ,95-T,1,1,2,0,,Step-1,,,,,131
,,,,,,,,,,,,,,,,,,,,,,,,,,,,,,,,,,,,,,,,387.79,,,,81.0,387.8,387.8,400/51,,,,8,,,,,,,,,,,,27 W.S,,,,,,
131,132,BLS+18,,,,,282432.0,4719317.0,701.7,,,,Not Yet,,Not Yet,,Not Yet,,Not Yet,,Not Yet,,Not Yet,,Not Yet,,Not Yet,,Not Yet,,Not Yet,,Not Yet,,Not Yet,45564.8,3,AP48,-35.67,,818,-198,-0.24,,,,,2T-3T,2,3,,1,3,95-T/185-T,1,3,JB,95-T/185-T,1,3,1,3,,Step-1,,,,,132
,,,,,,,,,,,,,,,,,,,,,,,,,,,,,,,,,,,,,,,,1155.1,,,,82.0,1155.1,1155.1,500/204,,,,22,,,,,,,,,,,,,,,,"TRACK, STREAM",,
132,133,BLS+0,,,,,282065.5,4720412.4,829.1,,,,Not Yet,,Not Yet,,Not Yet,,Not Yet,,Not Yet,,Not Yet,,Not Yet,,Not Yet,,Not Yet,,Not Yet,,Not Yet,,Not Yet,46719.9,5.1,AP49,-55.64,,737,567,0.77,,,,,3T-2T,2,3,,3,1,185-T/95-T,3,1,JB,185-T/95-T,3,1,1,3,,Step-1,,,,,133
,,,,,,,,,,,,,,,,,,,,,,,,,,,,,,,,,,,,,,,,294.97,,,,83.0,295.0,295.0,400/51,,,,6,,,,,,,,,,,,,,,,,,
133,134,B30+9,,,,,281781.7,4720493.0,925.5,,,,Not Yet,,Not Yet,,Not Yet,,Not Yet,,Not Yet,,Not Yet,,Not Yet,,Not Yet,,Not Yet,,Not Yet,,Not Yet,,Not Yet,47014.9,3,, ,,305,306,1.00,,,,,2T-2T,3,3,,1,1,95-T,1,1, ,95-T,1,1,2,0,,Step-1,,,,,134
,,,,,,,,,,,,,,,,,,,,,,,,,,,,,,,,,,,,,,,,278,,,,84.0,278.0,278.0,400/51,,,,5,,,,,,,,,,,,,,,,,,
134,135,B30+0,,,,,281514.3,4720569.0,1037.4,,,,Not Yet,,Not Yet,,Not Yet,,Not Yet,,Not Yet,,Not Yet,,Not Yet,,Not Yet,,Not Yet,,Not Yet,,Not Yet,,Not Yet,47292.9,3,, ,,256,351,1.37,,,,,2T-2T,3,3,,1,1,95-T,1,1, ,95-T,1,1,2,0,,Step-1,,,,,135
,,,,,,,,,,,,,,,,,,,,,,,,,,,,,,,,,,,,,,,,205.12,,,,95.0,205.1,205.1,400/51,,,,4,,,,,,,,,,,,,,,,,,
135,136,BLS-6,,,,,281317.0,4720625.0,1109.7,,,,Not Yet,,Not Yet,,Not Yet,,Not Yet,,Not Yet,,Not Yet,,Not Yet,,Not Yet,,Not Yet,,Not Yet,,Not Yet,,Not Yet,47498.0,4.1,AP50,-23.70,,385,795,2.06,,,,,2T-2T,2,3,,1,2,95-T,1,2, ,95-T,1,2,3,0,,Step-1,,,,,136
,,,,,,,,,,,,,,,,,,,,,,,,,,,,,,,,,,,,,,,,552.01,,,,86.0,552.0,552.0,400/51,,,,10,,,,,,,,,,,,,,,,,,
136,137,B30-3,,,,,280770.2,4720549.6,1051.7,,,,Not Yet,,Not Yet,,Not Yet,,Not Yet,,Not Yet,,Not Yet,,Not Yet,,Not Yet,,Not Yet,,Not Yet,,Not Yet,,Not Yet,48050.0,4.1,, ,,436,409,0.94,,,,,2T-2T,3,3,,2,1,95-T,2,1, ,95-T,2,1,3,0,,Step-1,,,,,137
,,,,,,,,,,,,,,,,,,,,,,,,,,,,,,,,,,,,,,,,315,,,,87.0,317.5,635.0,400/51,,,,6,,,,,,,,,,,,,,,,,,
137,138,BNS+9,,,,,280458.1,4720506.6,1010.9,,,,Not Yet,,Not Yet,,Not Yet,,Not Yet,,Not Yet,,Not Yet,,Not Yet,,Not Yet,,Not Yet,,Not Yet,,Not Yet,,Not Yet,48365.0,5.1,, ,,319,350,1.10,,,,,SS,, ,,1,1,95-S,1,1, ,95-S,1,1,2,0,,Step-1,,,,,138
,,,,,,,,,,,,,,,,,,,,,,,,,,,,,,,,,,,,,,,,320,,,,,,,400/51,,,,6,,,,,,,,,,,,,,,,,,
138,139,B30-3,,,,,280141.1,4720462.9,985.6,,,,Not Yet,,Not Yet,,Not Yet,,Not Yet,,Not Yet,,Not Yet,,Not Yet,,Not Yet,,Not Yet,,Not Yet,,Not Yet,,Not Yet,48685.0,3,, ,,395,542,1.37,,,,,2T-2T,3,3,,1,1,95-T,1,1, ,95-T,1,1,2,0,,Step-1,,,,,139
,,,,,,,,,,,,,,,,,,,,,,,,,,,,,,,,,,,,,,,,457.39,,,,88.0,457.4,457.4,400/51,,,,9,,,,,,,,,,,,,,,,,,
139,140,B30+0,,,,,279688.0,4720400.5,882.6,,,,Not Yet,,Not Yet,,Not Yet,,Not Yet,,Not Yet,,Not Yet,,Not Yet,,Not Yet,,Not Yet,,Not Yet,,Not Yet,,Not Yet,49142.4,5.1,AP51,0.05,,431,239,0.55,,,,,2T-2T,3,3,,1,1,95-T,1,1, ,95-T,1,1,2,0,,Step-1,,,,,140
,,,,,,,,,,,,,,,,,,,,,,,,,,,,,,,,,,,,,,,,392.39,,,,89.0,392.4,392.4,400/51,,,,8,,,,,,,,,,,,,,,,,,
140,141,B30-3,,,,,279299.2,4720347.2,859.8,,,,Not Yet,,Not Yet,,Not Yet,,Not Yet,,Not Yet,,Not Yet,,Not Yet,,Not Yet,,Not Yet,,Not Yet,,Not Yet,,Not Yet,49534.8,3,AP52,20.79,,371,599,1.61,,,,,2T-2T,1,3,,1,1,95-T,1,1, ,95-T,1,1,2,0,,Step-1,,,,,141
,,,,,,,,,,,,,,,,,,,,,,,,,,,,,,,,,,,,,,,,336.84,,,,90.0,336.8,336.8,400/51,,,,7,,,,,,,,,,,,,,,,TRACK,,
141,142,BLS+0,,,,,278971.0,4720422.9,763.5,,,,Not Yet,,Not Yet,,Not Yet,,Not Yet,,Not Yet,,Not Yet,,Not Yet,,Not Yet,,Not Yet,,Not Yet,,Not Yet,,Not Yet,49871.6,3,, ,,656,653,1.00,,,,,2T-3T,3,3,,1,3,95-T/185-T,1,3,JB,95-T/185-T,1,3,1,3,,Step-1,,,,,142
,,,,,,,,,,,,,,,,,,,,,,,,,,,,,,,,,,,,,,,,948.26,,,,91.0,948.3,948.3,500/204,,,,19,,,,,,,,,,,,23 W.S,,,,TRACK,,
142,143,BLS+6,,,,,278047.0,4720636.0,598.1,,,,Not Yet,,Not Yet,,Not Yet,,Not Yet,,Not Yet,,Not Yet,,Not Yet,,Not Yet,,Not Yet,,Not Yet,,Not Yet,,Not Yet,50819.9,4.1,AP53,5.94,,719,-59,-0.08,,,,,3T-2T,3,3,,3,1,185-T/95-T,3,1,JB,185-T/95-T,3,1,1,3,,Step-1,,,,,143
,,,,,,,,,,,,,,,,,,,,,,,,,,,,,,,,,,,,,,,,425.34,,,,92.0,425.3,425.3,400/51,,,,8,,,,,,,,,,,,,,,,TRACK,,
143,144,BLC+18,,,,,277644.7,4720774.0,799.4,,,,Not Yet,,Not Yet,,Not Yet,,Not Yet,,Not Yet,,Not Yet,,Not Yet,,Not Yet,,Not Yet,,Not Yet,,Not Yet,,Not Yet,51245.2,4.1,, ,,473,530,1.12,,,,,2T-2T,3,3,,1,1,95-T,1,1, ,95-T,1,1,2,0,,Step-1,,,,,144
,,,,,,,,,,,,,,,,,,,,,,,,,,,,,,,,,,,,,,,,434.45,,,,93.0,434.4,434.4,400/51,,,,8,,,,,,,,,,,,,,,,,,
144,145,BLS-6,,,,,277233.7,4720914.9,1002.6,,,,Not Yet,,Not Yet,,Not Yet,,Not Yet,,Not Yet,,Not Yet,,Not Yet,,Not Yet,,Not Yet,,Not Yet,,Not Yet,,Not Yet,51679.7,5.1,, ,,496,1011,2.04,,,,,2T-2T,3,3,,1,2,95-T,1,2, ,95-T,1,2,3,0,,Step-1,,,,,145
,,,,,,,,,,,,,,,,,,,,,,,,,,,,,,,,,,,,,,,,520.63,,,,94.0,520.6,520.6,400/51,,,,10,,,,,,,,,,,,,,,,,,
145,146,B30-3,,,,,276741.2,4721083.8,968.4,,,,Not Yet,,Not Yet,,Not Yet,,Not Yet,,Not Yet,,Not Yet,,Not Yet,,Not Yet,,Not Yet,,Not Yet,,Not Yet,,Not Yet,52200.3,3,, ,,534,561,1.05,,,,,2T-2T,3,3,,2,2,95-T,2,2, ,95-T,2,2,4,0,,Step-1,,,,,146
,,,,,,,,,,,,,,,,,,,,,,,,,,,,,,,,,,,,,,,,545.03,,,,95.0,545.0,545.0,400/51,,,,11,,,,,,,,,,,,,,,,,,
146,147,B30+6,,,,,276225.7,4721260.5,917.3,,,,Not Yet,,Not Yet,,Not Yet,,Not Yet,,Not Yet,,Not Yet,,Not Yet,,Not Yet,,Not Yet,,Not Yet,,Not Yet,,Not Yet,52745.3,5.1,, ,,472,504,1.07,,,,,2T-2T,3,3,,2,1,95-T,2,1, ,95-T,2,1,3,0,,Step-1,,,,,147
,,,,,,,,,,,,,,,,,,,,,,,,,,,,,,,,,,,,,,,,395.07,,,,96.0,395.1,395.1,400/51,,,,8,,,,,,,,,,,,,,,,,,
147,148,BLS+0,,,,,275851.9,4721388.7,882.6,,,,Not Yet,,Not Yet,,Not Yet,,Not Yet,,Not Yet,,Not Yet,,Not Yet,,Not Yet,,Not Yet,,Not Yet,,Not Yet,,Not Yet,53140.4,3,, ,,704,1002,1.42,,,,,2T-3T,3,3,,1,3,95-T/185-T,1,3,JB,95-T/185-T,1,3,1,3,,Step-1,,,,,148
,,,,,,,,,,,,,,,,,,,,,,,,,,,,,,,,,,,,,,,,984.8,,,,97.0,984.8,984.8,500/204,,,,19,,,,,,,,,,,,28 W.S,,,,,,
148,149,BLS+18,,,,,274920.4,4721708.1,641.0,,,,Not Yet,,Not Yet,,Not Yet,,Not Yet,,Not Yet,,Not Yet,,Not Yet,,Not Yet,,Not Yet,,Not Yet,,Not Yet,,Not Yet,54125.2,3,, ,,621,151,0.24,,,,,3T-2T,3,3,,3,1,185-T/95-T,3,1,JB,185-T/95-T,3,1,1,3,,Step-1,,,,,149
,,,,,,,,,,,,,,,,,,,,,,,,,,,,,,,,,,,,,,,,232.54,,,,98.0,232.5,232.5,400/51,,,,5,,,,,,,,,,,,,,,,,,
149,150,B30-3,,,,,274700.4,4721783.6,676.2,,,,Not Yet,,Not Yet,,Not Yet,,Not Yet,,Not Yet,,Not Yet,,Not Yet,,Not Yet,,Not Yet,,Not Yet,,Not Yet,,Not Yet,54357.7,4.1,AP54,12.68,,286,636,2.22,,,,,2T-2T,1,3,,1,1,95-T,1,1, ,95-T,1,1,2,0,,Step-1,,,,,150
,,,,,,,,,,,,,,,,,,,,,,,,,,,,,,,,,,,,,,,,327.74,,,,99.0,327.7,327.7,400/51,,,,6,,,,,,,,,,,,,,,,,,
150,151,B30+12,,,,,274421.3,4721955.3,575.7,,,,Not Yet,,Not Yet,,Not Yet,,Not Yet,,Not Yet,,Not Yet,,Not Yet,,Not Yet,,Not Yet,,Not Yet,,Not Yet,,Not Yet,54685.5,4.1,AP55,-1.68,,341,201,0.59,,,,,2T-2T,3,3,,1,1,95-T,1,1, ,95-T,1,1,2,0,,Step-1,,,,,151
,,,,,,,,,,,,,,,,,,,,,,,,,,,,,,,,,,,,,,,,339.86,,,,100.0,339.9,339.9,400/51,,,,7,,,,,,,,,,,,,,,,,,
151,152,BLS+0,,,,,274126.8,4722124.9,545.8,,,,Not Yet,,Not Yet,,Not Yet,,Not Yet,,Not Yet,,Not Yet,,Not Yet,,Not Yet,,Not Yet,,Not Yet,,Not Yet,,Not Yet,55025.3,5.1,AP56,2.24,,697,173,0.25,,,,,2T-3T,3,3,,1,3,95-T/185-T,1,3,JB,95-T/185-T,1,3,1,3,,Step-1,,,,,152
,,,,,,,,,,,,,,,,,,,,,,,,,,,,,,,,,,,,,,,,1028.58,,,,101.0,1028.6,1028.6,500/204,,,,20,,,,,,,,,,,,25 W.S,,,,,,
152,153,BLS-6,,,,,273256.0,4722672.4,766.3,,,,Not Yet,,Not Yet,,Not Yet,,Not Yet,,Not Yet,,Not Yet,,Not Yet,,Not Yet,,Not Yet,,Not Yet,,Not Yet,,Not Yet,56053.9,3,AP57,11.45,,709,1026,1.45,,,,,3T-2T,1,3,,3,1,185-T/95-T,3,1,JB,185-T/95-T,3,1,1,3,,Step-1,,,,,153
,,,,,,,,,,,,,,,,,,,,,,,,,,,,,,,,,,,,,,,,366.9,,,,102.0,366.9,366.9,400/51,,,,7,,,,,,,,,,,,,,,,,,
153,154,BLC+0,,,,,272990.4,4722925.5,786.9,,,,Not Yet,,Not Yet,,Not Yet,,Not Yet,,Not Yet,,Not Yet,,Not Yet,,Not Yet,,Not Yet,,Not Yet,,Not Yet,,Not Yet,56420.8,5.1,,1.98,,472,892,1.89,,,,,2T-2T,3,3,,1,2,95-T,1,2, ,95-T,1,2,3,0,,Step-1,,,,,154
,,,,,,,,,,,,,,,,,,,,,,,,,,,,,,,,,,,,,,,,556.46,,,,103.0,556.5,556.5,400/51,,,,11,,,,,,,,,,,,10 W.S,,,,,,
154,155,BLS+18,,,,,272601.0,4723323.0,623.0,,,,Not Yet,,Not Yet,,Not Yet,,Not Yet,,Not Yet,,Not Yet,,Not Yet,,Not Yet,,Not Yet,,Not Yet,,Not Yet,,Not Yet,56977.3,3,AP58,-3.31,,760,-145,-0.19,,,,,2T-3T,3,3,,2,3,95-T/185-T,2,3,JB,95-T/185-T,2,3,2,3,,Step-1,,,,,155
,,,,,,,,,,,,,,,,,,,,,,,,,,,,,,,,,,,,,,,,897.04,,,,104.0,897.0,897.0,500/204,,,,17,,,,,,,,,,,,19 W.S,,,,,,
155,156,BLS+6,,,,,271937.4,4723926.5,928.6,,,,Not Yet,,Not Yet,,Not Yet,,Not Yet,,Not Yet,,Not Yet,,Not Yet,,Not Yet,,Not Yet,,Not Yet,,Not Yet,,Not Yet,57874.3,3,AP59,0.00,,603,1154,1.91,,,,,3T-2T,3,3,,3,1,185-T/95-T,3,1,JB,185-T/95-T,3,1,1,3,,Step-1,,,,,156
,,,,,,,,,,,,,,,,,,,,,,,,,,,,,,,,,,,,,,,,262.33,,,,105.0,275.9,550.1,400/51,,,,5,,,,,,,,,,,,,,,,,,
156,157,BNS+3,,,,,271743.3,4724103.0,939.3,,,,Not Yet,,Not Yet,,Not Yet,,Not Yet,,Not Yet,,Not Yet,,Not Yet,,Not Yet,,Not Yet,,Not Yet,,Not Yet,,Not Yet,58136.7,4.1,, ,,277,470,1.70,,,,,SS,, ,,1,1,95-S,1,1, ,95-S,1,1,2,0,,Step-1,,,,,157
,,,,,,,,,,,,,,,,,,,,,,,,,,,,,,,,,,,,,,,,287.79,,,,,,,400/51,,,,6,,,,,,,,,,,,,,,,,,
157,158,B30+6,,,,,271530.4,4724296.7,892.9,,,,Not Yet,,Not Yet,,Not Yet,,Not Yet,,Not Yet,,Not Yet,,Not Yet,,Not Yet,,Not Yet,,Not Yet,,Not Yet,,Not Yet,58424.4,4.1,AP60,-16.64,,369,605,1.64,,,,,2T-2T,2,3,,1,1,95-T,1,1, ,95-T,1,1,2,0,,Step-1,,,,,158
,,,,,,,,,,,,,,,,,,,,,,,,,,,,,,,,,,,,,,,,423.92,,,,106.0,423.9,423.9,400/51,,,,8,,,,,,,,,,,,,,,,,,
158,159,B30+12,,,,,271148.2,4724480.1,745.3,,,,Not Yet,,Not Yet,,Not Yet,,Not Yet,,Not Yet,,Not Yet,,Not Yet,,Not Yet,,Not Yet,,Not Yet,,Not Yet,,Not Yet,58848.4,5.1,, ,,440,565,1.28,,,,,2T-2T,3,3,,1,1,95-T,1,1, ,95-T,1,1,2,0,,Step-1,,,,,159
,,,,,,,,,,,,,,,,,,,,,,,,,,,,,,,,,,,,,,,,390.43,,,,107.0,390.4,390.4,400/51,,,,8,,,,,,,,,,,,,,,,,,
159,160,B30+9,,,,,270796.2,4724649.1,561.8,,,,Not Yet,,Not Yet,,Not Yet,,Not Yet,,Not Yet,,Not Yet,,Not Yet,,Not Yet,,Not Yet,,Not Yet,,Not Yet,,Not Yet,59238.8,3,, ,,471,413,0.88,,,,,2T-2T,3,3,,1,1,95-T,1,1, ,95-T,1,1,2,0,,Step-1,,,,,160
,,,,,,,,,,,,,,,,,,,,,,,,,,,,,,,,,,,,,,,,476.11,,,,108.0,476.1,476.1,400/51,,,,9,,,,,,,,,,,,,,,,,,
160,161,B30+3,,,,,270367.0,4724855.1,384.2,,,,Not Yet,,Not Yet,,Not Yet,,Not Yet,,Not Yet,,Not Yet,,Not Yet,,Not Yet,,Not Yet,,Not Yet,,Not Yet,,Not Yet,59714.9,5.1,AP61,11.36,,416,-39,-0.09,,,,,2T-2T,1,3,,1,1,95-T,1,1, ,95-T,1,1,2,0,,Step-1,,,,,161
,,,,,,,,,,,,,,,,,,,,,,,,,,,,,,,,,,,,,,,,321.46,,,,109.0,321.5,321.5,400/51,,,,6,,,,,,,,,,,,7 W.S,,,,"STREAM, TRACK",,
161,162,BLC+18,,,,,270110.3,4725048.6,370.1,,,,Not Yet,,Not Yet,,Not Yet,,Not Yet,,Not Yet,,Not Yet,,Not Yet,,Not Yet,,Not Yet,,Not Yet,,Not Yet,,Not Yet,60036.4,3,, ,,455,-40,-0.09,,,,,2T-2T,3,3,,1,2,95-T,1,2, ,95-T,1,2,3,0,,Step-1,,,,,162
,,,,,,,,,,,,,,,,,,,,,,,,,,,,,,,,,,,,,,,,528.17,,,,110.0,528.2,528.2,400/51,,,,10,,,,,,,,,,,,12 W.S,,,,TRACK,,
162,163,B30+12,,,,,269688.5,4725366.5,633.9,,,,Not Yet,,Not Yet,,Not Yet,,Not Yet,,Not Yet,,Not Yet,,Not Yet,,Not Yet,,Not Yet,,Not Yet,,Not Yet,,Not Yet,60564.5,3,AP62,15.82,,431,755,1.75,,,,,2T-2T,1,3,,2,1,95-T,2,1, ,95-T,2,1,3,0,,Step-1,,,,,163
,,,,,,,,,,,,,,,,,,,,,,,,,,,,,,,,,,,,,,,,269.83,,,,111.0,324.5,629.8,400/51,,,,5,,,,,,,,,,,,,,,,22O KV OHTL,,
163,164,BNS+9,,,,,269525.5,4725581.5,685.6,,,,Not Yet,,Not Yet,,Not Yet,,Not Yet,,Not Yet,,Not Yet,,Not Yet,,Not Yet,,Not Yet,,Not Yet,,Not Yet,,Not Yet,60834.4,4.1,, ,,317,484,1.53,,,,,SS,, ,,1,1,95-S,1,1, ,95-S,1,1,2,0,,Step-1,,,,,164
,,,,,,,,,,,,,,,,,,,,,,,,,,,,,,,,,,,,,,,,360,,,,,,,400/51,,,,7,,,,,,,,,,,,,,,,,,
164,165,B30+3,,,,,269307.9,4725868.4,702.7,,,,Not Yet,,Not Yet,,Not Yet,,Not Yet,,Not Yet,,Not Yet,,Not Yet,,Not Yet,,Not Yet,,Not Yet,,Not Yet,,Not Yet,61194.4,4.1,, ,,344,209,0.61,,,,,2T-2T,3,3,,1,1,95-T,1,1, ,95-T,1,1,2,0,,Step-1,,,,,165
,,,,,,,,,,,,,,,,,,,,,,,,,,,,,,,,,,,,,,,,325,,,,112.0,349.2,694.2,400/51,,,,6,,,,,,,,,,,,,,,,,,
165,166,BNS+3,,,,,269111.6,4726127.3,750.2,,,,Not Yet,,Not Yet,,Not Yet,,Not Yet,,Not Yet,,Not Yet,,Not Yet,,Not Yet,,Not Yet,,Not Yet,,Not Yet,,Not Yet,61519.4,5.1,, ,,350,390,1.11,,,,,SS,, ,,1,1,95-S,1,1, ,95-S,1,1,2,0,,Step-1,,,,,166
,,,,,,,,,,,,,,,,,,,,,,,,,,,,,,,,,,,,,,,,369.19,,,,,,,400/51,,,,7,,,,,,,,,,,,,,,,,,
166,167,B30-3,,,,,268888.5,4726421.5,798.7,,,,Not Yet,,Not Yet,,Not Yet,,Not Yet,,Not Yet,,Not Yet,,Not Yet,,Not Yet,,Not Yet,,Not Yet,,Not Yet,,Not Yet,61888.6,3,AP63,7.50,,447,458,1.02,,,,,2T-2T,3,3,,1,2,95-T,1,2, ,95-T,1,2,3,0,,Step-1,,,,,167
,,,,,,,,,,,,,,,,,,,,,,,,,,,,,,,,,,,,,,,,520.81,,,,113.0,520.8,520.8,400/51,,,,10,,,,,,,,,,,,,,,,,,
167,168,B30+12,,,,,268630.7,4726874.0,834.6,,,,Not Yet,,Not Yet,,Not Yet,,Not Yet,,Not Yet,,Not Yet,,Not Yet,,Not Yet,,Not Yet,,Not Yet,,Not Yet,,Not Yet,62409.4,5.1,, ,,441,261,0.59,,,,,2T-2T,3,3,,2,1,95-T,2,1, ,95-T,2,1,3,0,,Step-1,,,,,168
,,,,,,,,,,,,,,,,,,,,,,,,,,,,,,,,,,,,,,,,345.49,,,,114.0,345.5,345.5,400/51,,,,7,,,,,,,,,,,,,,,,,,
168,169,BLS-6,,,,,268459.6,4727174.2,947.9,,,,Not Yet,,Not Yet,,Not Yet,,Not Yet,,Not Yet,,Not Yet,,Not Yet,,Not Yet,,Not Yet,,Not Yet,,Not Yet,,Not Yet,62754.9,3,AP64,-15.49,,293,772,2.63,,,,,2T-2T,2,3,,1,1,95-T,1,1,,95-T,1,1,2,0,,Step-1,,,,,169
,,,,,,,,,,,,,,,,,,,,,,,,,,,,,,,,,,,,,,,,224.51,,,,115.0,224.5,224.5,400/51,,,,4,,,,,,,,,,,,,,,,,,
169,170,B30+9,,,,,268300.4,4727332.5,892.7,,,,Not Yet,,Not Yet,,Not Yet,,Not Yet,,Not Yet,,Not Yet,,Not Yet,,Not Yet,,Not Yet,,Not Yet,,Not Yet,,Not Yet,62979.4,3,, ,,282,468,1.66,,,,,2T-2T,3,3,,1,1,95-T,1,1,JB,95-T,1,1,2,0,,Step-1,,,,,170
,,,,,,,,,,,,,,,,,,,,,,,,,,,,,,,,,,,,,,,,320,,,,116.0,320.0,320.0,400/51,,,,6,,,,,,,,,,,,,,,,,,
170,171,B30+9,,,,,268073.5,4727558.1,788.3,,,,Not Yet,,Not Yet,,Not Yet,,Not Yet,,Not Yet,,Not Yet,,Not Yet,,Not Yet,,Not Yet,,Not Yet,,Not Yet,,Not Yet,63299.4,4.1,, ,,345,360,1.04,,,,,2T-2T,3,3,,1,1,95-T,1,1, ,95-T,1,1,2,0,,Step-1,,,,,171
,,,,,,,,,,,,,,,,,,,,,,,,,,,,,,,,,,,,,,,,335,,,,117.0,335.0,335.0,400/51,,,,7,,,,,,,,,,,,,,,,,,
171,172,B30-3,,,,,267836.0,4727794.4,688.6,,,,Not Yet,,Not Yet,,Not Yet,,Not Yet,,Not Yet,,Not Yet,,Not Yet,,Not Yet,,Not Yet,,Not Yet,,Not Yet,,Not Yet,63634.4,4.1,, ,,331,154,0.47,,,,,2T-2T,3,3,,1,1,95-T,1,1, ,95-T,1,1,2,0,,Step-1,,,,,172
,,,,,,,,,,,,,,,,,,,,,,,,,,,,,,,,,,,,,,,,305,,,,118.0,310.1,620.0,400/51,,,,6,,,,,,,,,,,,,,,,,,
172,173,BNS+3,,,,,267619.7,4728009.4,630.7,,,,Not Yet,,Not Yet,,Not Yet,,Not Yet,,Not Yet,,Not Yet,,Not Yet,,Not Yet,,Not Yet,,Not Yet,,Not Yet,,Not Yet,63939.4,5.1,, ,,316,391,1.24,,,,,SS,, ,,1,1,95-S,1,1, ,95-S,1,1,2,0,,Step-1,,,,,173
,,,,,,,,,,,,,,,,,,,,,,,,,,,,,,,,,,,,,,,,315,,,,,,,400/51,,,,6,,,,,,,,,,,,,,,,TRACK,,
173,174,B30+6,,,,,267396.4,4728231.5,555.4,,,,Not Yet,,Not Yet,,Not Yet,,Not Yet,,Not Yet,,Not Yet,,Not Yet,,Not Yet,,Not Yet,,Not Yet,,Not Yet,,Not Yet,64254.4,3,, ,,333,235,0.71,,,,,2T-2T,3,3,,1,1,95-T,1,1, ,95-T,1,1,2,0,,Step-1,,,,,174
,,,,,,,,,,,,,,,,,,,,,,,,,,,,,,,,,,,,,,,,340,,,,119.0,319.2,950.0,400/51,,,,7,,,,,,,,,,,,,,,,,,
174,175,BNS+9,,,,,267155.3,4728471.3,507.5,,,,Not Yet,,Not Yet,,Not Yet,,Not Yet,,Not Yet,,Not Yet,,Not Yet,,Not Yet,,Not Yet,,Not Yet,,Not Yet,,Not Yet,64594.4,5.1,, ,,336,370,1.10,,,,,SS,, ,,1,1,95-S,1,1, ,95-S,1,1,2,0,,Step-1,,,,,175
,,,,,,,,,,,,,,,,,,,,,,,,,,,,,,,,,,,,,,,,325,,,,,,,400/51,,,,6,,,,,,,,,,,,,,,,,,
175,176,BNS+0,,,,,266924.8,4728700.4,464.3,,,,Not Yet,,Not Yet,,Not Yet,,Not Yet,,Not Yet,,Not Yet,,Not Yet,,Not Yet,,Not Yet,,Not Yet,,Not Yet,,Not Yet,64919.4,3,, ,,310,362,1.17,,,,,SS,, ,,1,1,95-S,1,1, ,95-S,1,1,2,0,,Step-1,,,,,176
,,,,,,,,,,,,,,,,,,,,,,,,,,,,,,,,,,,,,,,,285,,,,,,,400/51,,,,6,,,,,,,,,,,,,,,,,,
176,177,B30+6,,,,,266722.7,4728901.4,400.2,,,,Not Yet,,Not Yet,,Not Yet,,Not Yet,,Not Yet,,Not Yet,,Not Yet,,Not Yet,,Not Yet,,Not Yet,,Not Yet,,Not Yet,65204.4,3,, ,,439,0,0.00,,,,,2T-2T,3,3,,1,2,95-T,1,2, ,95-T,1,2,3,0,,Step-1,,,,,177
,,,,,,,,,,,,,,,,,,,,,,,,,,,,,,,,,,,,,,,,579.99,,,,120.0,580.0,580.0,400/51,,,,11,,,,,,,,,,,,13 W.S,,,,"TRACK, 11 KV OHTL, STREAM",,
177,178,B30+0,,,,,266311.4,4729310.4,501.1,,,,Not Yet,,Not Yet,,Not Yet,,Not Yet,,Not Yet,,Not Yet,,Not Yet,,Not Yet,,Not Yet,,Not Yet,,Not Yet,,Not Yet,65784.4,4.1,, ,,475,351,0.74,,,,,2T-2T,3,3,,2,1,95-T,2,1, ,95-T,2,1,3,0,,Step-1,,,,,178
,,,,,,,,,,,,,,,,,,,,,,,,,,,,,,,,,,,,,,,,342.57,,,,121.0,342.6,342.6,400/51,,,,7,,,,,,,,,,,,,,,,,,
178,179,BLC+18,,,,,266068.5,4729551.9,599.5,,,,Not Yet,,Not Yet,,Not Yet,,Not Yet,,Not Yet,,Not Yet,,Not Yet,,Not Yet,,Not Yet,,Not Yet,,Not Yet,,Not Yet,66126.9,4.1,AP65,1.42,,333,255,0.77,,,,,2T-2T,3,3,,1,1,95-T,1,1, ,95-T,1,1,2,0,,Step-1,,,,,179
,,,,,,,,,,,,,,,,,,,,,,,,,,,,,,,,,,,,,,,,279.39,,,,122.0,279.4,279.4,400/51,,,,6,,,,,,,,,,,,,,,,,,
179,180,B30+12,,,,,265875.4,4729753.7,724.4,,,,Not Yet,,Not Yet,,Not Yet,,Not Yet,,Not Yet,,Not Yet,,Not Yet,,Not Yet,,Not Yet,,Not Yet,,Not Yet,,Not Yet,66406.3,5.1,, ,,337,510,1.51,,,,,2T-2T,3,3,,1,1,95-T,1,1, ,95-T,1,1,2,0,,Step-1,,,,,180
,,,,,,,,,,,,,,,,,,,,,,,,,,,,,,,,,,,,,,,,363.04,,,,123.0,363.0,363.0,400/51,,,,7,,,,,,,,,,,,,,,,,,
180,181,B30+3,,,,,265624.3,4730016.0,810.2,,,,Not Yet,,Not Yet,,Not Yet,,Not Yet,,Not Yet,,Not Yet,,Not Yet,,Not Yet,,Not Yet,,Not Yet,,Not Yet,,Not Yet,66769.4,3,, ,,324,301,0.93,,,,,2T-2T,3,3,,1,1,95-T,1,1, ,95-T,1,1,2,0,,Step-1,,,,,181
,,,,,,,,,,,,,,,,,,,,,,,,,,,,,,,,,,,,,,,,266.74,,,,124.0,266.7,266.7,400/51,,,,5,,,,,,,,,,,,,,,,,,
181,182,B30+0,,,,,265439.9,4730208.7,885.5,,,,Not Yet,,Not Yet,,Not Yet,,Not Yet,,Not Yet,,Not Yet,,Not Yet,,Not Yet,,Not Yet,,Not Yet,,Not Yet,,Not Yet,67036.1,5.1,AP66,-18.01,,292,581,1.99,,,,,2T-2T,2,3,,1,1,95-T,1,1, ,95-T,1,1,2,0,,Step-1,,,,,182
,,,,,,,,,,,,,,,,,,,,,,,,,,,,,,,,,,,,,,,,306.95,,,,125.0,306.9,306.9,400/51,,,,6,,,,,,,,,,,,,,,,,,
182,183,B30-3,,,,,265169.5,4730354.0,883.6,,,,Not Yet,,Not Yet,,Not Yet,,Not Yet,,Not Yet,,Not Yet,,Not Yet,,Not Yet,,Not Yet,,Not Yet,,Not Yet,,Not Yet,67343.0,3,AP67,-5.71,,437,522,1.19,,,,,2T-2T,3,3,,1,2,95-T,1,2, ,95-T,1,2,3,0,,Step-1,,,,,183
,,,,,,,,,,,,,,,,,,,,,,,,,,,,,,,,,,,,,,,,566.31,,,,126.0,566.3,566.3,400/51,,,,11,,,,,,,,,,,,,,,,,,
183,184,B30+3,,,,,264646.4,4730571.0,835.0,,,,Not Yet,,Not Yet,,Not Yet,,Not Yet,,Not Yet,,Not Yet,,Not Yet,,Not Yet,,Not Yet,,Not Yet,,Not Yet,,Not Yet,67909.4,3,, ,,513,584,1.14,,,,,2T-2T,3,3,,2,1,95-T,2,1, ,95-T,2,1,3,0,,Step-1,,,,,184
,,,,,,,,,,,,,,,,,,,,,,,,,,,,,,,,,,,,,,,,455.19,,,,127.0,455.2,455.2,400/51,,,,9,,,,,,,,,,,,,,,,,,
184,185,BLS-6,,,,,264226.0,4730745.5,784.9,,,,Not Yet,,Not Yet,,Not Yet,,Not Yet,,Not Yet,,Not Yet,,Not Yet,,Not Yet,,Not Yet,,Not Yet,,Not Yet,,Not Yet,68364.5,4.1,AP68,-8.35,,731,1119,1.53,,,,,2T-3T,3,3,,1,3,95-T/185-T,1,3,JB,95-T/185-T,1,3,1,3,,Step-1,,,,,185
,,,,,,,,,,,,,,,,,,,,,,,,,,,,,,,,,,,,,,,,957.17,,,,128.0,957.2,957.2,500/204,,,,18,,,,,,,,,,,,32 W.S,,,,,,
185,186,BLS-6,,,,,263298.0,4730980.0,485.7,,,,Not Yet,,Not Yet,,Not Yet,,Not Yet,,Not Yet,,Not Yet,,Not Yet,,Not Yet,,Not Yet,,Not Yet,,Not Yet,,Not Yet,69321.7,4.1,AP69,38.02,,626,84,0.13,,,,,3T-2T,1,3,,3,1,185-T/95-T,3,1,JB,185-T/95-T,3,1,1,3,,Step-1,,,,,186
,,,,,,,,,,,,,,,,,,,,,,,,,,,,,,,,,,,,,,,,250.03,,,,129.0,288.3,1069.5,400/51,,,,5,,,,,,,,,,,,,,,,TRACK,,
186,187,BNS+3,,,,,263144.8,4731177.5,476.6,,,,Not Yet,,Not Yet,,Not Yet,,Not Yet,,Not Yet,,Not Yet,,Not Yet,,Not Yet,,Not Yet,,Not Yet,,Not Yet,,Not Yet,69571.7,5.1,, ,,303,341,1.13,,,,,SS,, ,,1,1,95-S,1,1, ,95-S,1,1,2,0,,Step-1,,,,,187
,,,,,,,,,,,,,,,,,,,,,,,,,,,,,,,,,,,,,,,,355,,,,,,,400/51,,,,7,,,,,,,,,,,,,,,,,,
187,188,BNS-3,,,,,262927.2,4731458.0,470.7,,,,Not Yet,,Not Yet,,Not Yet,,Not Yet,,Not Yet,,Not Yet,,Not Yet,,Not Yet,,Not Yet,,Not Yet,,Not Yet,,Not Yet,69926.7,3,, ,,320,428,1.34,,,,,SS,, ,,1,1,95-S,1,1, ,95-S,1,1,2,0,,Step-1,,,,,188
,,,,,,,,,,,,,,,,,,,,,,,,,,,,,,,,,,,,,,,,282,,,,,,,400/51,,,,5,,,,,,,,,,,,,,,,,,
188,189,BNS+0,,,,,262754.3,4731680.9,429.9,,,,Not Yet,,Not Yet,,Not Yet,,Not Yet,,Not Yet,,Not Yet,,Not Yet,,Not Yet,,Not Yet,,Not Yet,,Not Yet,,Not Yet,70208.7,5.1,, ,,236,355,1.50,,,,,SS,, ,,1,1,95-S,1,1, ,95-S,1,1,2,0,,Step-1,,,,,189
,,,,,,,,,,,,,,,,,,,,,,,,,,,,,,,,,,,,,,,,182.42,,,,,,,400/51,,,,4,,,,,,,,,,,,,,,,,,
189,190,B30-3,,,,,262642.5,4731825.0,388.5,,,,Not Yet,,Not Yet,,Not Yet,,Not Yet,,Not Yet,,Not Yet,,Not Yet,,Not Yet,,Not Yet,,Not Yet,,Not Yet,,Not Yet,70391.2,3,AP70,-20.05,,393,137,0.35,,,,,2T-2T,2,3,,1,2,95-T,1,2, ,95-T,1,2,3,0,,Step-1,,,,,190
,,,,,,,,,,,,,,,,,,,,,,,,,,,,,,,,,,,,,,,,597.62,,,,130.0,597.6,597.6,400/51,,,,11,,,,,,,,,,,,15 W.S,,,,"TRACK, 11 KV OHTL, STREAM",,
190,191,B60+12,,,,,262136.5,4732143.0,372.4,,,,Not Yet,,Not Yet,,Not Yet,,Not Yet,,Not Yet,,Not Yet,,Not Yet,,Not Yet,,Not Yet,,Not Yet,,Not Yet,,Not Yet,70988.8,3,AP71,-52.55,,423,432,1.02,,,,,2T-2T,2,3,,2,1,95-T,2,1, ,95-T,2,1,3,0,,Step-1,,,,,191
,,,,,,,,,,,,,,,,,,,,,,,,,,,,,,,,,,,,,,,,248.93,,,,131.0,248.9,248.9,400/51,,,,6,,,,,,,,,,,,,,,,TRACK,,
191,192,BLC+0,,,,,261903.2,4732056.2,382.4,,,,Not Yet,,Not Yet,,Not Yet,,Not Yet,,Not Yet,,Not Yet,,Not Yet,,Not Yet,,Not Yet,,Not Yet,,Not Yet,,Not Yet,71237.7,4.1,,-1.87,,388,430,1.11,,,,,2T-2T,3,3,,1,1,95-T,1,1, ,95-T,1,1,2,0,,Step-1,,,,,192
,,,,,,,,,,,,,,,,,,,,,,,,,,,,,,,,,,,,,,,,525.96,,,,132.0,526.0,526.0,400/51,,,,9,,,,,,,,,,,,,,,,,,
192,193,B30+3,,,,,261416.5,4731856.9,360.1,,,,Not Yet,,Not Yet,,Not Yet,,Not Yet,,Not Yet,,Not Yet,,Not Yet,,Not Yet,,Not Yet,,Not Yet,,Not Yet,,Not Yet,71763.7,4.1,AP72,-2.00,,535,512,0.96,,,,,2T-2T,3,3,,1,2,95-T,1,2, ,95-T,1,2,3,0,,Step-1,,,,,193
,,,,,,,,,,,,,,,,,,,,,,,,,,,,,,,,,,,,,,,,544.08,,,,133.0,544.1,544.1,400/51,,,,11,,,,,,,,,,,,,,,,TRACK,,
193,194,B30+3,,,,,260920.5,4731633.2,351.5,,,,Not Yet,,Not Yet,,Not Yet,,Not Yet,,Not Yet,,Not Yet,,Not Yet,,Not Yet,,Not Yet,,Not Yet,,Not Yet,,Not Yet,72307.8,5.1,, ,,451,209,0.46,,,,,2T-2T,3,3,,2,1,95-T,2,1, ,95-T,2,1,3,0,,Step-1,,,,,194
,,,,,,,,,,,,,,,,,,,,,,,,,,,,,,,,,,,,,,,,349.97,,,,134.0,350.0,350.0,400/51,,,,7,,,,,,,,,,,,,,,,,,
194,195,BLC-6,,,,,260601.5,4731489.3,434.3,,,,Not Yet,,Not Yet,,Not Yet,,Not Yet,,Not Yet,,Not Yet,,Not Yet,,Not Yet,,Not Yet,,Not Yet,,Not Yet,,Not Yet,72657.7,3,, ,,344,659,1.92,,,,,2T-2T,3,3,,1,1,95-T,1,1, ,95-T,1,1,2,0,,Step-1,,,,,195
,,,,,,,,,,,,,,,,,,,,,,,,,,,,,,,,,,,,,,,,330.02,,,,135.0,369.6,729.4,400/51,,,,7,,,,,,,,,,,,,,,,,,
195,196,BNS+0,,,,,260300.6,4731353.7,402.9,,,,Not Yet,,Not Yet,,Not Yet,,Not Yet,,Not Yet,,Not Yet,,Not Yet,,Not Yet,,Not Yet,,Not Yet,,Not Yet,,Not Yet,72987.7,3,, ,,368,479,1.30,,,,,SS,, ,,1,1,95-S,1,1, ,95-S,1,1,2,0,,Step-1,,,,,196
,,,,,,,,,,,,,,,,,,,,,,,,,,,,,,,,,,,,,,,,399.42,,,,,,,400/51,,,,8,,,,,,,,,,,,,,,,TRACK,,
196,197,B60+0,,,,,259936.5,4731189.5,336.2,,,,Not Yet,,Not Yet,,Not Yet,,Not Yet,,Not Yet,,Not Yet,,Not Yet,,Not Yet,,Not Yet,,Not Yet,,Not Yet,,Not Yet,73387.2,3,AP73,-32.80,,405,39,0.10,,,,,2T-2T,2,3,,1,1,95-T,1,1,JB,95-T,1,1,2,0,,Step-1,,,,,197
,,,,,,,,,,,,,,,,,,,,,,,,,,,,,,,,,,,,,,,,400.6,,,,136.0,347.0,596.9,400/51,,,,8,,,,,,,,,,,,,,,,"TRACK, 11 KV OHTL",,
197,198,BNS+6,,,,,259718.7,4730853.3,388.7,,,,Not Yet,,Not Yet,,Not Yet,,Not Yet,,Not Yet,,Not Yet,,Not Yet,,Not Yet,,Not Yet,,Not Yet,,Not Yet,,Not Yet,73787.8,3,, ,,301,355,1.18,,,,,SS,, ,,1,1,95-S,1,1,,95-S,1,1,2,0,,Step-1,,,,,198
,,,,,,,,,,,,,,,,,,,,,,,,,,,,,,,,,,,,,,,,196.31,,,,,,,400/51,,,,4,,,,,,,,,,,,,,,,,,
198,199,B30-3,,,,,259612.0,4730688.5,418.4,,,,Not Yet,,Not Yet,,Not Yet,,Not Yet,,Not Yet,,Not Yet,,Not Yet,,Not Yet,,Not Yet,,Not Yet,,Not Yet,,Not Yet,73984.1,3,AP74,29.26,,275,365,1.33,,,,,2T-2T,1,3,,1,1,95-T,1,1, ,95-T,1,1,2,0,,Step-1,,,,,199
,,,,,,,,,,,,,,,,,,,,,,,,,,,,,,,,,,,,,,,,352.67,,,,137.0,289.1,783.5,400/51,,,,7,,,,,,,,,,,,,,,,,,
199,200,BNS-3,,,,,259300.1,4730524.0,428.0,,,,Not Yet,,Not Yet,,Not Yet,,Not Yet,,Not Yet,,Not Yet,,Not Yet,,Not Yet,,Not Yet,,Not Yet,,Not Yet,,Not Yet,74336.7,3,, ,,266,341,1.28,,,,,SS,, ,,1,1,95-S,1,1, ,95-S,1,1,2,0,,Step-1,,,,,200
,,,,,,,,,,,,,,,,,,,,,,,,,,,,,,,,,,,,,,,,180,,,,,,,400/51,,,,4,,,,,,,,,,,,,,,,,,
200,201,BNS+0,,,,,259140.8,4730440.0,418.0,,,,Not Yet,,Not Yet,,Not Yet,,Not Yet,,Not Yet,,Not Yet,,Not Yet,,Not Yet,,Not Yet,,Not Yet,,Not Yet,,Not Yet,74516.7,3,, ,,217,351,1.62,,,,,SS,, ,,1,1,95-S,1,1, ,95-S,1,1,2,0,,Step-1,,,,,201
,,,,,,,,,,,,,,,,,,,,,,,,,,,,,,,,,,,,,,,,250.8,,,,,,,400/51,,,,5,,,,,,,,,,,,,,,,,,
201,202,B30-3,,,,,258919.0,4730323.0,381.0,,,,Not Yet,,Not Yet,,Not Yet,,Not Yet,,Not Yet,,Not Yet,,Not Yet,,Not Yet,,Not Yet,,Not Yet,,Not Yet,,Not Yet,74767.5,3,AP75,27.45,,319,225,0.71,,,,,2T-2T,1,3,,1,1,95-T,1,1, ,95-T,1,1,2,0,,Step-1,,,,,202
,,,,,,,,,,,,,,,,,,,,,,,,,,,,,,,,,,,,,,,,383.37,,,,138.0,383.4,383.4,400/51,,,,7,,,,,,,,,,,,,,,,"ROAD, TRACK",,
202,203,B30+3,,,,,258535.6,4730320.6,350.0,,,,Not Yet,,Not Yet,,Not Yet,,Not Yet,,Not Yet,,Not Yet,,Not Yet,,Not Yet,,Not Yet,,Not Yet,,Not Yet,,Not Yet,75150.9,3,AP76,26.92,,408,423,1.04,,,,,2T-2T,1,3,,1,1,95-T,1,1, ,95-T,1,1,2,0,,Step-1,,,,,203
,,,,,,,,,,,,,,,,,,,,,,,,,,,,,,,,,,,,,,,,430.58,,,,139.0,430.6,430.6,400/51,,,,8,,,,,,,,,,,,,,,,"TRACK, 35 KV OHTL",,
203,204,B60+9,,,,,258150.5,4730513.2,312.1,,,,Not Yet,,Not Yet,,Not Yet,,Not Yet,,Not Yet,,Not Yet,,Not Yet,,Not Yet,,Not Yet,,Not Yet,,Not Yet,,Not Yet,75581.5,3,AP77,43.36,,421,346,0.82,,,,,2T-2T,1,3,,1,1,95-T,1,1, ,95-T,1,1,2,0,,Step-1,,,,,204
,,,,,,,,,,,,,,,,,,,,,,,,,,,,,,,,,,,,,,,,410.69,,,,140.0,410.7,410.7,400/51,,,,8,,,,,,,,,,,,,,,,TRACK,,
204,205,B90+0,,,,,258009.6,4730899.0,316.0,,,,Not Yet,,Not Yet,,Not Yet,,Not Yet,,Not Yet,,Not Yet,,Not Yet,,Not Yet,,Not Yet,,Not Yet,,Not Yet,,Not Yet,75992.2,3,AP78,-37.90,,247,270,1.09,,,,,2T-2T,2,3,,1,1,95-T,1,1, ,95-T,1,1,2,0,,Step-1,,,,,205
,,,,,,,,,,,,,,,,,,,,,,,,,,,,,,,,,,,,,,,,82.05,,,,141.0,82.1,82.1,400/51,,,,3,,,,,,,,,,,,,,,,,,
205,G2,GANTRY,,,,,257940.0,4730942.5,316.8,,,,,,,,,,,,,,,,,,,,,,,,,,,76074.2,,AP79/SS, ,,41,39,0.95,,,,,2T,, ,,1,,95-TSJ,1,,JB,95-TSJ,1,,1,0,,,,,,,G2
,,,,,,,,,,,,,,,,,,,,,,,,,,,,,,,,,,,,,,,,,,,,,,,,,,,,,,,,,,,,,,,,,,,,,
,,,,,,,,,,,,,,,,,,,,,,,,,,,,,,,,,,,,,,,,,,,,,,,,,,,,,,,,,,,,,,,,,,,,,
